State,Year,Quarter,Transaction_Count,Transaction_Amount,User_Count,Avg_Transaction_Value,Transactions_Per_User
Andaman & Nicobar Islands,2018,1,6658,14631761.22198579,6740.0,2197.6210907157993,0.9878338278931751
Andaman & Nicobar Islands,2018,2,11340,28338535.507953543,9405.0,2498.989021865392,1.2057416267942584
Andaman & Nicobar Islands,2018,3,16265,55557471.13431111,12149.0,3415.7682836957338,1.3387933163223311
Andaman & Nicobar Islands,2018,4,23758,90548336.07445519,15222.0,3811.277720113443,1.5607673104716857
Andaman & Nicobar Islands,2019,1,30486,102299740.67348987,18596.0,3355.6301473951935,1.6393848139384815
Andaman & Nicobar Islands,2019,2,33689,120254709.67566319,21731.0,3569.554147515901,1.5502738024020983
Andaman & Nicobar Islands,2019,3,33770,114071776.08729394,23931.0,3377.902756508556,1.4111403618737204
Andaman & Nicobar Islands,2019,4,35159,136838530.51737788,25960.0,3891.9915389339253,1.3543528505392912
Andaman & Nicobar Islands,2020,1,41298,161476312.29727465,28368.0,3910.027417726637,1.4557952622673436
Andaman & Nicobar Islands,2020,2,62962,169645001.41414705,32710.0,2694.4029956822696,1.9248547844695811
Andaman & Nicobar Islands,2020,3,117483,338019446.3303604,41335.0,2877.1775178567145,2.8422160396758196
Andaman & Nicobar Islands,2020,4,224531,627282656.3148525,52396.0,2793.746325963241,4.285269867928849
Andaman & Nicobar Islands,2021,1,244752,783706567.3897556,57758.0,3202.043568141448,4.23754285120676
Andaman & Nicobar Islands,2021,2,341414,899147016.1122961,62095.0,2633.597380635522,5.498252677349223
Andaman & Nicobar Islands,2021,3,449764,1310024395.8016036,66982.0,2912.6928695973966,6.714699471499806
Andaman & Nicobar Islands,2021,4,636123,1932610101.3236573,71780.0,3038.1075693280345,8.862120367790471
Andaman & Nicobar Islands,2022,1,794748,2129030202.0751672,76288.0,2678.8745641073237,10.417732802013424
Andaman & Nicobar Islands,2022,2,1071217,2685920350.080266,,2507.354112266951,
Andaman & Nicobar Islands,2022,3,1584379,3310631772.1373873,,2089.5453500313924,
Andaman & Nicobar Islands,2022,4,1987535,3984674404.4287863,,2004.8323196465906,
Andaman & Nicobar Islands,2023,1,2276392,4461528587.0,,1959.9122589606711,
Andaman & Nicobar Islands,2023,2,2707775,4990344236.0,,1842.9685760449076,
Andaman & Nicobar Islands,2023,3,3098376,5211596791.0,,1682.0414278318706,
Andaman & Nicobar Islands,2023,4,3695783,6269552499.0,,1696.4070939771086,
Andaman & Nicobar Islands,2024,1,4184920,6859151835.0,,1639.016238064288,
Andaman & Nicobar Islands,2024,2,4653224,7295780330.0,,1567.8979412983342,
Andaman & Nicobar Islands,2024,3,5279250,7663845009.0,,1451.6920034095751,
Andaman & Nicobar Islands,2024,4,6063900,8920944773.0,,1471.156314088293,
Andhra Pradesh,2018,1,9039585,11996276391.823305,3336450.0,1327.0826472479991,2.7093422649822414
Andhra Pradesh,2018,2,12353918,22883914272.633064,4402540.0,1852.360868238972,2.806088757853421
Andhra Pradesh,2018,3,25626061,35718044599.21493,5427617.0,1393.8172003576722,4.721420284445273
Andhra Pradesh,2018,4,30759548,51473779406.841,6857409.0,1673.4244406595637,4.48559331957595
Andhra Pradesh,2019,1,57264522,83760595917.0764,8283019.0,1462.6961509794214,6.913484322564031
Andhra Pradesh,2019,2,56409015,113634518758.22997,9389003.0,2014.4744374322077,6.007987749071972
Andhra Pradesh,2019,3,76288614,139447944254.79395,10458693.0,1827.8998259791945,7.294277975268994
Andhra Pradesh,2019,4,107218103,200948315488.79117,11757883.0,1874.2013696025863,9.118827173224975
Andhra Pradesh,2020,1,127677357,252737214289.0628,13022060.0,1979.4991079668323,9.804697336673307
Andhra Pradesh,2020,2,144917855,302583689746.5638,14319675.0,2087.966936486631,10.12019162446075
Andhra Pradesh,2020,3,204902935,467084130584.9084,15692405.0,2279.5385072688605,13.057459006442926
Andhra Pradesh,2020,4,286118552,654841546033.3309,17076565.0,2288.7070462782535,16.75504130953737
Andhra Pradesh,2021,1,289747970,672444670176.6162,18363733.0,2320.791652747787,15.77827177077776
Andhra Pradesh,2021,2,352767134,850737499108.2452,19620905.0,2411.612129117009,17.979146935373265
Andhra Pradesh,2021,3,432032550,984218035564.1165,21059898.0,2278.110840408012,20.514465454675992
Andhra Pradesh,2021,4,522254003,1156264447083.98,22489029.0,2213.98867302503,23.222612368012864
Andhra Pradesh,2022,1,582603911,1294320646554.8762,23857951.0,2221.61338452614,24.419696016644515
Andhra Pradesh,2022,2,671134030,1479853948202.9336,,2205.0050840112126,
Andhra Pradesh,2022,3,642855035,1385077409712.1436,,2154.5719241541656,
Andhra Pradesh,2022,4,690017077,1424725083041.656,,2064.767859421624,
Andhra Pradesh,2023,1,1145532464,2249051316530.0,,1963.32394516058,
Andhra Pradesh,2023,2,1305656964,2506039086916.0,,1919.3702143926987,
Andhra Pradesh,2023,3,1475164403,2653414098098.0,,1798.7243270660729,
Andhra Pradesh,2023,4,1596987426,2802514977823.0,,1754.8760448555968,
Andhra Pradesh,2024,1,1755428485,3012725669749.0,,1716.2337830862987,
Andhra Pradesh,2024,2,1930122300,3181922420088.0,,1648.5600006217223,
Andhra Pradesh,2024,3,2091371362,3226645607489.0,,1542.8372340354347,
Andhra Pradesh,2024,4,2296445544,3452015568966.0,,1503.199402217569,
Arunachal Pradesh,2018,1,45497,92387336.00940917,21495.0,2030.6247886543986,2.1166317748313563
Arunachal Pradesh,2018,2,82157,198970192.34204647,32883.0,2421.8288440674132,2.49846425204513
Arunachal Pradesh,2018,3,131146,331726406.74139136,45922.0,2529.4435723650845,2.8558425155698792
Arunachal Pradesh,2018,4,176429,504040029.0917603,61852.0,2856.9001076453433,2.8524380779926277
Arunachal Pradesh,2019,1,226506,609950106.3139497,76957.0,2692.865117541918,2.9432800135140402
Arunachal Pradesh,2019,2,258656,752655874.3550282,95885.0,2909.8720863039257,2.6975647911560725
Arunachal Pradesh,2019,3,370234,912645034.7958703,112149.0,2465.049225073522,3.3012688476936933
Arunachal Pradesh,2019,4,459475,1190573179.5272827,129321.0,2591.159866210964,3.552980567734552
Arunachal Pradesh,2020,1,567175,1381758681.330147,149066.0,2436.212247243174,3.80485825070774
Arunachal Pradesh,2020,2,808774,1826716832.9849634,177534.0,2258.6245761918203,4.555600617346537
Arunachal Pradesh,2020,3,962827,2609938565.5582175,206046.0,2710.7035485691795,4.67287401842307
Arunachal Pradesh,2020,4,1209129,3570264021.845619,231292.0,2952.7569199362674,5.2277164796015425
Arunachal Pradesh,2021,1,1177456,3813779079.016644,251240.0,3238.99923140792,4.6865785702913545
Arunachal Pradesh,2021,2,1568338,4456425616.994382,270572.0,2841.4956578201777,5.796379521901749
Arunachal Pradesh,2021,3,1906967,5678124175.29882,293073.0,2977.5681358402217,6.506798647435963
Arunachal Pradesh,2021,4,2390598,6943510352.611348,314944.0,2904.5077225913133,7.590549431009958
Arunachal Pradesh,2022,1,2804068,7828091628.087365,335339.0,2791.6910817024996,8.361890504832424
Arunachal Pradesh,2022,2,3556925,9131665374.225864,,2567.292077911641,
Arunachal Pradesh,2022,3,3939418,9025110785.048607,,2290.975668245565,
Arunachal Pradesh,2022,4,4632709,9684909697.502253,,2090.5499778859958,
Arunachal Pradesh,2023,1,8042825,16394578454.0,,2038.4104408587777,
Arunachal Pradesh,2023,2,10360488,19805698664.0,,1911.656928129254,
Arunachal Pradesh,2023,3,12802433,21127391086.0,,1650.2637495544793,
Arunachal Pradesh,2023,4,14617742,24128799794.0,,1650.6516392203391,
Arunachal Pradesh,2024,1,16406414,26047044476.0,,1587.6135074977383,
Arunachal Pradesh,2024,2,19478372,29706351630.0,,1525.0941726546757,
Arunachal Pradesh,2024,3,24447142,31601956705.0,,1292.6646683281015,
Arunachal Pradesh,2024,4,26793457,35079886873.0,,1309.270650405433,
Assam,2018,1,1056881,1157804456.212468,385237.0,1095.4917878289684,2.7434566254020254
Assam,2018,2,1663873,2350585135.5377946,571046.0,1412.7190810463267,2.913728491224875
Assam,2018,3,2351851,3811134989.9142737,784802.0,1620.4831810834419,2.9967444017726765
Assam,2018,4,3734172,5888022859.013107,1039221.0,1576.7947644117912,3.5932414760671696
Assam,2019,1,4533005,8002099536.450851,1259085.0,1765.2968696153769,3.600237474038687
Assam,2019,2,5454929,10954969189.12621,1500128.0,2008.2698031681457,3.6363090349623497
Assam,2019,3,5942571,12950443620.426498,1731523.0,2179.2661156974814,3.431990796541542
Assam,2019,4,6760510,15281983895.512074,1941220.0,2260.4779662351025,3.482608874831292
Assam,2020,1,8808860,20668428347.729244,2185938.0,2346.322719140643,4.029784925281504
Assam,2020,2,10505199,19766300125.919445,2550883.0,1881.5731264033595,4.118259833947696
Assam,2020,3,12397711,29831391259.544067,2830011.0,2406.2015366823816,4.380799579930962
Assam,2020,4,15423454,40226611319.26421,3106153.0,2608.1454464910526,4.965452120355952
Assam,2021,1,19512060,51326464546.122375,3358448.0,2630.499524197977,5.8098443090379845
Assam,2021,2,25432905,59192473376.66383,3617056.0,2327.397258656211,7.031382704608388
Assam,2021,3,33504441,75700499273.30763,3918480.0,2259.4168717307543,8.55036672383169
Assam,2021,4,46020361,104184967893.21544,4209591.0,2263.88854040531,10.93226420333947
Assam,2022,1,58889886,132280437892.70287,4492589.0,2246.2335534611643,13.108229130240936
Assam,2022,2,76334725,153111042086.78345,,2005.7849437039754,
Assam,2022,3,86113811,161489079054.89853,,1875.2982498347278,
Assam,2022,4,103981267,192653519187.5461,,1852.7714149467529,
Assam,2023,1,113760638,212354167087.0,,1866.6752474348816,
Assam,2023,2,138290953,235110788783.0,,1700.116917865191,
Assam,2023,3,167575351,244058014402.0,,1456.407597809537,
Assam,2023,4,193752157,285603636931.0,,1474.0668767419193,
Assam,2024,1,221525056,321183906030.0,,1449.876198338485,
Assam,2024,2,271327087,345308670210.0,,1272.66567458486,
Assam,2024,3,295345591,333558308550.0,,1129.3830641609272,
Assam,2024,4,332441531,382786405959.0,,1151.4397879457485,
Bihar,2018,1,5824302,6045758172.017141,2133804.0,1038.0227831621955,2.729539357879168
Bihar,2018,2,8632378,13506131109.67205,3005872.0,1564.589862685815,2.871838188718615
Bihar,2018,3,14367804,20135804378.901344,3784535.0,1401.4531642345166,3.796451611624678
Bihar,2018,4,15732401,28397997168.577694,4776665.0,1805.0644125189597,3.293595217583816
Bihar,2019,1,26356234,41502827514.52625,5745117.0,1574.6873212055355,4.587588729698629
Bihar,2019,2,29960479,63132438283.54189,6589759.0,2107.1905520449754,4.546521200547699
Bihar,2019,3,32139900,67692783254.278915,7380265.0,2106.191470859552,4.354843626888736
Bihar,2019,4,43530314,93313426577.80928,8342274.0,2143.6423954536435,5.218039349942234
Bihar,2020,1,45081815,109256853527.2461,9351234.0,2423.523842756688,4.820948229934146
Bihar,2020,2,53386742,128806523628.84401,10603767.0,2412.706203889423,5.034695877417903
Bihar,2020,3,71503748,173328865111.8184,11763213.0,2424.052863799788,6.078589922668237
Bihar,2020,4,96591673,238905613136.47278,12889833.0,2473.3561984838257,7.493632617272854
Bihar,2021,1,114932477,280973649701.2281,13946288.0,2444.684540308203,8.24108013544536
Bihar,2021,2,155603622,374580255186.5789,14972134.0,2407.2720825648835,10.39288200332698
Bihar,2021,3,187671113,397062760956.41205,16160771.0,2115.737230995225,11.612757398765195
Bihar,2021,4,245126945,519371614068.76184,17335981.0,2118.7863050663886,14.139779283329856
Bihar,2022,1,284390434,611411695731.1459,18484658.0,2149.902467293066,15.385214808951293
Bihar,2022,2,360145029,754461454966.1401,,2094.882322993663,
Bihar,2022,3,437367385,791446486557.9155,,1809.5690572764486,
Bihar,2022,4,517084649,936012149674.8322,,1810.1719930866332,
Bihar,2023,1,547831195,1039276959944.0,,1897.0751746694527,
Bihar,2023,2,683933094,1226046745390.0,,1792.6413506611218,
Bihar,2023,3,734238751,1148153363366.0,,1563.7329980231457,
Bihar,2023,4,924427274,1434735808415.0,,1552.0266967101622,
Bihar,2024,1,1078734783,1637736864896.0,,1518.2015919996527,
Bihar,2024,2,1313888385,1886846564676.0,,1436.078274393148,
Bihar,2024,3,1352876223,1780280473339.0,,1315.9226565392894,
Bihar,2024,4,1559667675,2098927476047.0,,1345.7530150113548,
Chandigarh,2018,1,381895,613435420.8676233,86268.0,1606.293407527261,4.42684425279362
Chandigarh,2018,2,479084,961223261.7447294,115219.0,2006.3772986464364,4.158029491663702
Chandigarh,2018,3,616936,1369354447.5343115,143893.0,2219.605352150485,4.28746360142606
Chandigarh,2018,4,905116,2032591591.7799747,177747.0,2245.6697172295867,5.092159080040732
Chandigarh,2019,1,1274476,2396032050.4440284,209175.0,1880.013472551879,6.092869606788574
Chandigarh,2019,2,1252470,2693116098.9444556,240439.0,2150.243997017458,5.209096693963958
Chandigarh,2019,3,1506543,3269682087.660841,267337.0,2170.321117725044,5.635370337813322
Chandigarh,2019,4,1850915,4152513817.939351,289590.0,2243.4924445149295,6.391501778376325
Chandigarh,2020,1,2262511,5126453070.0162,312887.0,2265.8245948931076,7.231080230242867
Chandigarh,2020,2,1528010,3847015729.6900754,336351.0,2517.6639745093785,4.542903098251529
Chandigarh,2020,3,2158086,5089809353.365071,362588.0,2358.4830972283175,5.95189581563648
Chandigarh,2020,4,2912716,6146762901.349342,391402.0,2110.3200247979353,7.441750425393841
Chandigarh,2021,1,3970237,7596420859.545997,419998.0,1913.3419137310939,9.452990252334535
Chandigarh,2021,2,4417547,8417673939.936105,448572.0,1905.5086318122037,9.848022168124627
Chandigarh,2021,3,6649378,11815883004.693304,480463.0,1776.9907207400909,13.839521461590174
Chandigarh,2021,4,7898903,14373583510.618456,512092.0,1819.6936347513642,15.424773282925724
Chandigarh,2022,1,8600491,15174991549.84,541549.0,1764.433164320502,15.881279441010879
Chandigarh,2022,2,10772489,17283500158.37099,,1604.411028720567,
Chandigarh,2022,3,13478173,20559757737.405853,,1525.4113252149125,
Chandigarh,2022,4,17904840,27879754566.93942,,1557.1071602393217,
Chandigarh,2023,1,9815605,12824894394.0,,1306.5821611607232,
Chandigarh,2023,2,11553687,14414408750.0,,1247.6024969345283,
Chandigarh,2023,3,13052165,15426783311.0,,1181.9329062266681,
Chandigarh,2023,4,13280078,16281223001.0,,1225.9885070705157,
Chandigarh,2024,1,13155173,15842176181.0,,1204.2544922062218,
Chandigarh,2024,2,15940973,17556903812.0,,1101.369647386016,
Chandigarh,2024,3,17708385,19259257876.0,,1087.5784480628809,
Chandigarh,2024,4,18528444,20501385889.0,,1106.4817903219505,
Chhattisgarh,2018,1,1891514,2149155557.2367654,679263.0,1136.209172777344,2.7846563113256573
Chhattisgarh,2018,2,2816156,4264170443.1616497,950675.0,1514.1811899488698,2.962269966076735
Chhattisgarh,2018,3,3859604,6302307073.446316,1217792.0,1632.8895589926624,3.1693458324574313
Chhattisgarh,2018,4,5365844,9416412664.971485,1579998.0,1754.880064528802,3.3961080963393626
Chhattisgarh,2019,1,7887669,12544556385.328442,1908898.0,1590.400964509089,4.132053677042985
Chhattisgarh,2019,2,9389945,17002355688.822294,2191066.0,1810.6981125898283,4.285560088103233
Chhattisgarh,2019,3,12243111,19803259167.45353,2435058.0,1617.5022155278614,5.027851903322221
Chhattisgarh,2019,4,16305758,27143788737.213387,2725900.0,1664.6750636930456,5.98178876701273
Chhattisgarh,2020,1,19523991,32860597671.35623,3016487.0,1683.0881386575231,6.4724267003305505
Chhattisgarh,2020,2,18820925,32268382206.901356,3401658.0,1714.4950212012086,5.532868089619827
Chhattisgarh,2020,3,24148539,41526744807.53408,3799386.0,1719.6379792389957,6.355905664757411
Chhattisgarh,2020,4,35529636,62214974283.94856,4190601.0,1751.0726618181104,8.478410614611127
Chhattisgarh,2021,1,39436437,69409843261.55156,4514551.0,1760.0434659335872,8.735406245272232
Chhattisgarh,2021,2,44689420,78728771259.22603,4837055.0,1761.6870225486487,9.238972887428405
Chhattisgarh,2021,3,64237938,104606108262.77673,5206084.0,1628.416345848099,12.33901297020947
Chhattisgarh,2021,4,84717494,136399110518.81284,5565481.0,1610.0465686439313,15.22195368199083
Chhattisgarh,2022,1,97413292,157847045454.8345,5916961.0,1620.3850851774366,16.46339937004824
Chhattisgarh,2022,2,116584048,181181677163.78122,,1554.086346047799,
Chhattisgarh,2022,3,158252587,220161558081.98898,,1391.2035326284365,
Chhattisgarh,2022,4,177960446,252519180810.47153,,1418.962395781316,
Chhattisgarh,2023,1,214748957,301088936459.0,,1402.050751096314,
Chhattisgarh,2023,2,249931636,333156846754.0,,1332.9919016494575,
Chhattisgarh,2023,3,283492657,350379679526.0,,1235.9391711722537,
Chhattisgarh,2023,4,321876332,403985034545.0,,1255.0939425549313,
Chhattisgarh,2024,1,366176684,463009809901.0,,1264.4437238417943,
Chhattisgarh,2024,2,412047705,496313432419.0,,1204.5047852383987,
Chhattisgarh,2024,3,443640102,497360133758.0,,1121.0892151449375,
Chhattisgarh,2024,4,500655404,576828444625.0,,1152.146646208976,
Dadra & Nagar Haveli & Daman & Diu,2018,1,148549,175658384.1092169,53258.0,1182.494558086671,2.78923354237861
Dadra & Nagar Haveli & Daman & Diu,2018,2,202626,302070771.6561516,71458.0,1490.77991795797,2.8355957345573626
Dadra & Nagar Haveli & Daman & Diu,2018,3,289575,447639595.6781753,92107.0,1545.8502829255815,3.143897857926108
Dadra & Nagar Haveli & Daman & Diu,2018,4,404082,658750616.8008868,116511.0,1630.2399433800238,3.468187553106574
Dadra & Nagar Haveli & Daman & Diu,2019,1,661814,843369776.0499005,140532.0,1274.3305159000874,4.709347337261264
Dadra & Nagar Haveli & Daman & Diu,2019,2,489656,824441276.5650709,158580.0,1683.7152543113345,3.0877538151090933
Dadra & Nagar Haveli & Daman & Diu,2019,3,638751,961471473.848372,176929.0,1505.2367414663493,3.610210875548949
Dadra & Nagar Haveli & Daman & Diu,2019,4,768971,1226641262.0110404,197598.0,1595.1723303102983,3.891593032318141
Dadra & Nagar Haveli & Daman & Diu,2020,1,878579,1342763369.2925177,218496.0,1528.335379393905,4.021030133274751
Dadra & Nagar Haveli & Daman & Diu,2020,2,973152,1302376453.888058,244814.0,1338.307329058624,3.97506678539626
Dadra & Nagar Haveli & Daman & Diu,2020,3,1138312,1749789114.9993625,267946.0,1537.178835854636,4.248288834317362
Dadra & Nagar Haveli & Daman & Diu,2020,4,1817791,2700511100.8285055,296493.0,1485.6004352692391,6.130974424354032
Dadra & Nagar Haveli & Daman & Diu,2021,1,1925244,2965632911.193505,321396.0,1540.3932754463874,5.990255012507935
Dadra & Nagar Haveli & Daman & Diu,2021,2,2125083,3157668461.4189043,344994.0,1485.903591256861,6.159767995965147
Dadra & Nagar Haveli & Daman & Diu,2021,3,3129470,4305939102.791507,371874.0,1375.9323792180487,8.41540414226324
Dadra & Nagar Haveli & Daman & Diu,2021,4,4157085,5565839386.330661,398963.0,1338.8803419537153,10.419725638718377
Dadra & Nagar Haveli & Daman & Diu,2022,1,4802803,6237048367.262391,424570.0,1298.6267326106008,11.312158183573969
Dadra & Nagar Haveli & Daman & Diu,2022,2,5759771,6995159780.810839,,1214.4857461886659,
Dadra & Nagar Haveli & Daman & Diu,2022,3,6465621,7520647359.499438,,1163.1747916401903,
Dadra & Nagar Haveli & Daman & Diu,2022,4,7189585,8059640746.081128,,1121.0161290368121,
Dadra & Nagar Haveli & Daman & Diu,2023,1,11803985,12614091200.0,,1068.6298906682784,
Dadra & Nagar Haveli & Daman & Diu,2023,2,13357115,13750538188.0,,1029.4542038456657,
Dadra & Nagar Haveli & Daman & Diu,2023,3,15370328,15096066463.0,,982.1564291276022,
Dadra & Nagar Haveli & Daman & Diu,2023,4,18302373,17558059967.0,,959.3324301171219,
Dadra & Nagar Haveli & Daman & Diu,2024,1,21115009,19519196325.0,,924.4228276199171,
Dadra & Nagar Haveli & Daman & Diu,2024,2,23393115,20328992711.0,,869.0160635298035,
Dadra & Nagar Haveli & Daman & Diu,2024,3,25446270,21564631566.0,,847.4574688549638,
Dadra & Nagar Haveli & Daman & Diu,2024,4,28463700,23945221461.0,,841.254701988849,
Delhi,2018,1,7122754,11211503806.919962,2087022.0,1574.040575726743,3.412879212581372
Delhi,2018,2,9373723,17446299902.205147,2756141.0,1861.1921754254042,3.401031732411368
Delhi,2018,3,18547048,27375846860.618565,3504911.0,1476.0217831224982,5.291731516149768
Delhi,2018,4,29187719,39722857618.7064,4630313.0,1360.9442251621786,6.303616839725522
Delhi,2019,1,47007327,58469131789.49728,5499263.0,1243.8301754425918,8.547932150180852
Delhi,2019,2,57171512,81706816063.6283,6165448.0,1429.1526182415519,9.272888523267085
Delhi,2019,3,69537876,103196812046.45686,6782286.0,1484.037448116144,10.252866953708528
Delhi,2019,4,80744997,129024467424.8907,7289883.0,1597.925224084047,11.076309043643088
Delhi,2020,1,81747604,133616543642.59007,7826197.0,1634.5010386186984,10.445380304124724
Delhi,2020,2,66042018,107873438203.33102,8391139.0,1633.4061476336326,7.870447385033188
Delhi,2020,3,96491861,175163962804.6606,9044174.0,1815.3237069876868,10.668952300121603
Delhi,2020,4,120540417,216265088224.54352,9747968.0,1794.1292523033458,12.365696830354798
Delhi,2021,1,157359004,266928345043.4926,10467210.0,1696.3016939500494,15.03351934278571
Delhi,2021,2,170157264,281941097684.5414,11182699.0,1656.944235331272,15.21611768321762
Delhi,2021,3,238760608,383858316548.2811,11980061.0,1607.7120918886299,19.929832410703085
Delhi,2021,4,292683359,488695314062.3912,12785127.0,1669.7065242523445,22.892487419170727
Delhi,2022,1,330999861,536964920836.28876,13539197.0,1622.2511973691999,24.447525285288336
Delhi,2022,2,410634184,629855650458.2169,,1533.8607329832455,
Delhi,2022,3,475592161,677612647116.1163,,1424.7767366294256,
Delhi,2022,4,515203457,744915016018.5759,,1445.8657175092983,
Delhi,2023,1,409753103,611403109580.0,,1492.1256363981702,
Delhi,2023,2,482138998,661728515657.0,,1372.4849439725263,
Delhi,2023,3,546706983,708199251438.0,,1295.3909012682211,
Delhi,2023,4,598150746,799649719349.0,,1336.8698855539,
Delhi,2024,1,650734058,832514031113.0,,1279.3460260427923,
Delhi,2024,2,777540400,896917676180.0,,1153.5319273185032,
Delhi,2024,3,844844523,958203383588.0,,1134.1771858631082,
Delhi,2024,4,910543082,1057060485903.0,,1160.912104873913,
Goa,2018,1,160897,303856742.34308386,91936.0,1888.5171404257621,1.7500978941872607
Goa,2018,2,229575,478603825.3586151,122174.0,2084.73843126915,1.8790822924681192
Goa,2018,3,339511,713166969.238234,153802.0,2100.5710249100443,2.2074550395963644
Goa,2018,4,514755,1153005078.922405,195350.0,2239.9104018851785,2.6350396723829026
Goa,2019,1,738812,1475323397.2765768,238152.0,1996.8860782940405,3.102270818636837
Goa,2019,2,768441,1591867103.3876162,278940.0,2071.5540989973415,2.754861260486126
Goa,2019,3,1092416,2000367191.4968417,317194.0,1831.1405101141338,3.4439995712403135
Goa,2019,4,1515272,2923460348.499468,353546.0,1929.330409655473,4.285926018113626
Goa,2020,1,1881237,3410371231.923763,391900.0,1812.8344445297232,4.800298545547333
Goa,2020,2,1482092,2183616430.016772,430639.0,1473.3339293490362,3.4416111870963846
Goa,2020,3,1915531,3368343580.94466,474962.0,1758.4385640037463,4.033019483663956
Goa,2020,4,3801381,6899792747.579934,527584.0,1815.075296998626,7.2052621004427735
Goa,2021,1,5331549,9757242879.021425,570035.0,1830.0953210823768,9.353020428570176
Goa,2021,2,4710135,8012853587.076006,609106.0,1701.1940394651122,7.7328658722783885
Goa,2021,3,6467763,10478425592.936369,653458.0,1620.1004262117162,9.897748592870544
Goa,2021,4,11088759,18627257115.869656,697178.0,1679.8324425546318,15.905204983519273
Goa,2022,1,12214098,19816445402.84611,738628.0,1622.423972924248,16.536196840628843
Goa,2022,2,14216054,22873037759.5202,,1608.9582776992968,
Goa,2022,3,13188687,19574265275.70633,,1484.1708864351947,
Goa,2022,4,17192674,24924986371.33915,,1449.744604669358,
Goa,2023,1,24195070,35096965775.0,,1450.583353344297,
Goa,2023,2,26530590,38412206943.0,,1447.8459371992858,
Goa,2023,3,26999728,37375179974.0,,1384.2798703009157,
Goa,2023,4,33460978,44287671557.0,,1323.56177864855,
Goa,2024,1,35013987,45351900260.0,,1295.25095956653,
Goa,2024,2,37000806,47454830712.0,,1282.5350537499103,
Goa,2024,3,36762111,45913528012.0,,1248.9361128363928,
Goa,2024,4,46131536,56562589543.0,,1226.1154612974517,
Gujarat,2018,1,5948775,7577982255.034049,2690048.0,1273.8727309461274,2.211401060501523
Gujarat,2018,2,7745733,12162684771.641035,3565825.0,1570.2432257400346,2.1722134428918976
Gujarat,2018,3,11334149,17866404426.275486,4433183.0,1576.3339996920356,2.556661658226155
Gujarat,2018,4,14733303,24830987102.7826,5579040.0,1685.3645854417439,2.6408312182741116
Gujarat,2019,1,24991451,35856080308.476944,6652536.0,1434.7338339209255,3.7566803095841945
Gujarat,2019,2,28981842,49320615219.26746,7574645.0,1701.776416394357,3.8261650545999184
Gujarat,2019,3,38228649,59462694964.2678,8429299.0,1555.4485057598504,4.535210935096738
Gujarat,2019,4,42547632,76690662054.91406,9323799.0,1802.4660468745726,4.56333646832155
Gujarat,2020,1,47326417,86995076621.90312,10259843.0,1838.192750190726,4.612781794029402
Gujarat,2020,2,47420185,80387846359.49063,11392657.0,1695.2242248631176,4.1623464131326
Gujarat,2020,3,59290179,111921752484.71222,12467847.0,1887.6946295728374,4.755446469627033
Gujarat,2020,4,77828547,148393060112.43924,13605203.0,1906.666201958508,5.720498768008092
Gujarat,2021,1,94774565,183700780713.45038,14670126.0,1938.291995467881,6.460378390751381
Gujarat,2021,2,111841396,210162054552.1171,15735981.0,1879.1079338111722,7.107367249617294
Gujarat,2021,3,149248407,272624626113.58826,16946761.0,1826.6501572347654,8.80689867520997
Gujarat,2021,4,182987325,342382580053.6278,18139201.0,1871.0726551887012,10.087948471379748
Gujarat,2022,1,210547146,392548092253.5479,19265314.0,1864.4189660663835,10.928819846902055
Gujarat,2022,2,252052796,446798000976.8455,,1772.6365589566622,
Gujarat,2022,3,303239732,497437502209.4494,,1640.4100443191574,
Gujarat,2022,4,341156018,567918305336.538,,1664.6879297803798,
Gujarat,2023,1,362511326,597826188806.0,,1649.124167794967,
Gujarat,2023,2,416922553,645407208525.0,,1548.026615209276,
Gujarat,2023,3,479303590,707737036450.0,,1476.5944825282866,
Gujarat,2023,4,534115578,795087199074.0,,1488.6051480677838,
Gujarat,2024,1,606576671,871619464924.0,,1436.9485451642106,
Gujarat,2024,2,690395153,910625046933.0,,1318.9910777560167,
Gujarat,2024,3,757441250,963551388101.0,,1272.113696080059,
Gujarat,2024,4,827374966,1076014501422.0,,1300.5161452056793,
Haryana,2018,1,4480770,6793511514.660398,1847357.0,1516.1482322592763,2.4255030294631736
Haryana,2018,2,6150931,11320414442.116419,2447221.0,1840.4391858917647,2.5134350350867374
Haryana,2018,3,8262024,16375139007.6277,3020398.0,1981.976693317243,2.7354090421196147
Haryana,2018,4,12950183,25390876016.455925,3793079.0,1960.6577000846958,3.4141611603660245
Haryana,2019,1,22135775,34051655721.631638,4538767.0,1538.3087206854802,4.877045902554593
Haryana,2019,2,22741816,42501539813.21622,5178030.0,1868.871853207159,4.391982278974822
Haryana,2019,3,30343531,52489119199.44203,5783752.0,1729.8289773672693,5.246340264935288
Haryana,2019,4,37825985,69359719869.10129,6366679.0,1833.6527090861293,5.941242679268108
Haryana,2020,1,44036087,81976214558.24406,7018770.0,1861.5690026737404,6.274046164783858
Haryana,2020,2,41781050,80711264923.94069,7682878.0,1931.767270663152,5.438202975499546
Haryana,2020,3,57938179,109567950445.73079,8398816.0,1891.118297758906,6.89837460422993
Haryana,2020,4,83171439,159998504366.54178,9129873.0,1923.7193234872584,9.10981335665896
Haryana,2021,1,90252784,168938301082.42834,9827905.0,1871.8347910733517,9.183318723573334
Haryana,2021,2,105680856,200357354238.68405,10530594.0,1895.8717957269769,10.03560255005558
Haryana,2021,3,140459693,240827092259.20917,11325336.0,1714.5637094565568,12.402253937543222
Haryana,2021,4,169686975,309240599300.46063,12116439.0,1822.4180099884545,14.00469023943421
Haryana,2022,1,191988609,341304042652.7771,12866988.0,1777.730691578567,14.921021842874183
Haryana,2022,2,234699962,395234035249.50635,,1683.997014236868,
Haryana,2022,3,269361810,428054494578.0264,,1589.143221817623,
Haryana,2022,4,296648365,490490659880.1036,,1653.4413054327927,
Haryana,2023,1,381318464,591150623736.0,,1550.2806172428095,
Haryana,2023,2,457536190,661742128636.0,,1446.3164730991007,
Haryana,2023,3,501519478,677491980740.0,,1350.8787005476984,
Haryana,2023,4,554748233,782270484600.0,,1410.1360546379603,
Haryana,2024,1,604293500,806788219232.0,,1335.093326722859,
Haryana,2024,2,738553925,905444595600.0,,1225.969512788115,
Haryana,2024,3,794940220,923206681798.0,,1161.353594359586,
Haryana,2024,4,841394290,1031959359354.0,,1226.487238645273,
Himachal Pradesh,2018,1,481918,628737806.3723378,227373.0,1304.6572370659278,2.1195040748021974
Himachal Pradesh,2018,2,687695,1183169301.3511195,315299.0,1720.485536976595,2.181088427175475
Himachal Pradesh,2018,3,886754,1754041432.8580287,407634.0,1978.0473872776763,2.17536809981503
Himachal Pradesh,2018,4,1307883,2621298968.139249,526343.0,2004.2304763799582,2.484849233294639
Himachal Pradesh,2019,1,2168718,3381481442.991052,653205.0,1559.2075332021277,3.3201184926630996
Himachal Pradesh,2019,2,2502306,4875883973.6105995,772603.0,1948.556241167387,3.23879922806409
Himachal Pradesh,2019,3,2735180,5572018781.123335,876184.0,2037.167126523057,3.121695899491431
Himachal Pradesh,2019,4,3516646,7271163537.248182,985945.0,2067.641592940598,3.5667770514582458
Himachal Pradesh,2020,1,4144480,7419466751.122686,1106025.0,1790.2045011974208,3.7471847381388304
Himachal Pradesh,2020,2,4695730,8036904762.543936,1249867.0,1711.534684179869,3.7569837430702626
Himachal Pradesh,2020,3,5489876,10516054014.086983,1378634.0,1915.535799731539,3.9821127289766536
Himachal Pradesh,2020,4,7272328,13989053108.812904,1508766.0,1923.6004081241804,4.820050292755802
Himachal Pradesh,2021,1,7614029,14120546909.487528,1622951.0,1854.5433579892497,4.691471892866759
Himachal Pradesh,2021,2,9483902,16495634539.809229,1743151.0,1739.329923464965,5.440665782826617
Himachal Pradesh,2021,3,12064167,21310262071.128036,1880626.0,1766.409738121831,6.41497405651097
Himachal Pradesh,2021,4,14666864,26136220500.62582,2013747.0,1781.9910582538857,7.283369757968603
Himachal Pradesh,2022,1,16088180,26518447439.932808,2143483.0,1648.3186687327473,7.505625190402723
Himachal Pradesh,2022,2,21291371,33709107958.242294,,1583.228621503157,
Himachal Pradesh,2022,3,25164868,37380782688.540405,,1485.435277806361,
Himachal Pradesh,2022,4,28555136,41779343232.37368,,1463.111337742313,
Himachal Pradesh,2023,1,27301726,37740947734.0,,1382.3649000799437,
Himachal Pradesh,2023,2,35061595,46875063718.0,,1336.9347206822736,
Himachal Pradesh,2023,3,33337054,41854571637.0,,1255.4970105336843,
Himachal Pradesh,2023,4,38651839,48280246564.0,,1249.1060661822585,
Himachal Pradesh,2024,1,39520561,47884231339.0,,1211.6283303518894,
Himachal Pradesh,2024,2,52583801,59849740702.0,,1138.1782899642421,
Himachal Pradesh,2024,3,49737549,56615941598.0,,1138.2937586651083,
Himachal Pradesh,2024,4,53798398,63736996234.0,,1184.737810111,
Jammu & Kashmir,2018,1,941568,1005371239.256127,176425.0,1067.7627524046345,5.336930707099334
Jammu & Kashmir,2018,2,1796326,2651206236.5028744,261609.0,1475.9048393793078,6.866453371252518
Jammu & Kashmir,2018,3,2303961,3934700999.4576697,342529.0,1707.7984390611082,6.726323902501686
Jammu & Kashmir,2018,4,2721310,5664720265.697519,436563.0,2081.6152021260054,6.233487492068728
Jammu & Kashmir,2019,1,3584987,5951835476.521016,530669.0,1660.2111741328536,6.755599064576978
Jammu & Kashmir,2019,2,2296355,6100142201.563506,631193.0,2656.4456286434397,3.6381186103141196
Jammu & Kashmir,2019,3,1116526,3744230491.7824683,658455.0,3353.464667891718,1.6956754827588825
Jammu & Kashmir,2019,4,489928,1929695997.822597,673367.0,3938.7338503261644,0.7275794626110279
Jammu & Kashmir,2020,1,921630,2937643176.5340166,735408.0,3187.4430916246397,1.2532227008680896
Jammu & Kashmir,2020,2,2635006,8265648939.258549,845294.0,3136.8615248916126,3.117265708735659
Jammu & Kashmir,2020,3,3465898,11977229760.872473,949819.0,3455.736366411381,3.649008916435658
Jammu & Kashmir,2020,4,5754444,15380905803.378202,1079022.0,2672.8743564761776,5.333018233177822
Jammu & Kashmir,2021,1,6997570,17138349893.15173,1174818.0,2449.185916418375,5.95630131645923
Jammu & Kashmir,2021,2,10027819,22813755428.59164,1261267.0,2275.0465907483613,7.950591746236126
Jammu & Kashmir,2021,3,13151041,31598443648.032124,1359860.0,2402.7332625631784,9.670878619857927
Jammu & Kashmir,2021,4,16790628,38926237425.77167,1456810.0,2318.3312396517667,11.525612811554012
Jammu & Kashmir,2022,1,16245311,33147863626.15907,1549320.0,2040.4573126460348,10.485445873028167
Jammu & Kashmir,2022,2,23813747,46254290836.6356,,1942.3356952870793,
Jammu & Kashmir,2022,3,22534394,40963554502.24823,,1817.8236566844544,
Jammu & Kashmir,2022,4,27316158,44315295915.49385,,1622.3107186411007,
Jammu & Kashmir,2023,1,38927244,55921747581.0,,1436.5709419603402,
Jammu & Kashmir,2023,2,54588299,76530005380.0,,1401.9488934799012,
Jammu & Kashmir,2023,3,63903579,86016148426.0,,1346.0302188395426,
Jammu & Kashmir,2023,4,69167132,93070141760.0,,1345.5833582922016,
Jammu & Kashmir,2024,1,75116355,93960928941.0,,1250.8717833952405,
Jammu & Kashmir,2024,2,108179014,129061756911.0,,1193.0387617602062,
Jammu & Kashmir,2024,3,119555288,144470345977.0,,1208.3977914636448,
Jammu & Kashmir,2024,4,126261217,160950980732.0,,1274.745995296402,
Jharkhand,2018,1,2178921,2374186389.9193864,885762.0,1089.6156354082532,2.4599395774485697
Jharkhand,2018,2,3152080,4721575659.062854,1230599.0,1497.9238023980527,2.5614192763036536
Jharkhand,2018,3,8122621,8661571417.704618,1532362.0,1066.3517869053128,5.300719412253763
Jharkhand,2018,4,6284043,10241916641.122362,1913949.0,1629.8291786231193,3.283286545252773
Jharkhand,2019,1,9387708,13627236449.278107,2279329.0,1451.6042093850924,4.118627894437354
Jharkhand,2019,2,10128211,18622701305.54632,2604854.0,1838.6960249491565,3.8882067862536633
Jharkhand,2019,3,14220647,21465973993.359142,2915511.0,1509.4934846044025,4.877583037759075
Jharkhand,2019,4,18248618,28147748376.677116,3281371.0,1542.4591811104335,5.561278502187043
Jharkhand,2020,1,18282713,33611232153.268803,3651393.0,1838.4160027709675,5.007051555392695
Jharkhand,2020,2,20141511,37486201975.9236,4061035.0,1861.1414990624883,4.959698943742174
Jharkhand,2020,3,27068473,50622615820.01364,4480027.0,1870.1688794936324,6.042033452030535
Jharkhand,2020,4,39431633,72805174830.04355,4917938.0,1846.3646897414455,8.017919908709707
Jharkhand,2021,1,44621663,83749353123.13959,5313049.0,1876.8765548504903,8.398503947544997
Jharkhand,2021,2,54002145,104432643311.45796,5701503.0,1933.8610218438168,9.471563024697172
Jharkhand,2021,3,70795702,121891015118.85306,6151843.0,1721.7290269803816,11.5080475883406
Jharkhand,2021,4,96009042,166017119003.70593,6596196.0,1729.1821222807944,14.555213641316904
Jharkhand,2022,1,110911210,194700207087.1672,7025275.0,1755.4601296583746,15.7874545836284
Jharkhand,2022,2,132925275,225636227828.13782,,1697.466699453041,
Jharkhand,2022,3,146815332,229412884063.95786,,1562.594866208918,
Jharkhand,2022,4,175300092,277971737448.5814,,1585.690767627101,
Jharkhand,2023,1,240458103,367371336021.0,,1527.797697135621,
Jharkhand,2023,2,289233893,422214727508.0,,1459.7691962331676,
Jharkhand,2023,3,318237426,418384424020.0,,1314.6927100271355,
Jharkhand,2023,4,374538362,498720104925.0,,1331.5594756752848,
Jharkhand,2024,1,426759095,559720237073.0,,1311.560183791748,
Jharkhand,2024,2,499685871,620115922491.0,,1241.011520397782,
Jharkhand,2024,3,522575883,609909540592.0,,1167.1214849997202,
Jharkhand,2024,4,586904686,704010501034.0,,1199.5312319486234,
Karnataka,2018,1,12016899,19217895314.013508,3717763.0,1599.2391476381308,3.2322929137763756
Karnataka,2018,2,17116447,33515580081.30099,5030665.0,1958.0921251531342,3.402422343765685
Karnataka,2018,3,25980261,48225091755.80808,6372649.0,1856.220449664,4.0768385329240635
Karnataka,2018,4,44812071,73008386576.06796,8315802.0,1629.2125078545905,5.3887852308171835
Karnataka,2019,1,86587609,117976382145.7573,10266174.0,1362.5088336341207,8.434262754556858
Karnataka,2019,2,115401604,163702024226.0843,11968087.0,1418.5420180648814,9.642443608573366
Karnataka,2019,3,170733735,214536720438.18845,13635075.0,1256.557296296414,12.52165719660508
Karnataka,2019,4,237796252,295047143447.2323,15385416.0,1240.7560714928018,15.455952052255201
Karnataka,2020,1,271033890,353402054999.39777,17016980.0,1303.903563496793,15.9272614764782
Karnataka,2020,2,213221712,321104877020.13794,18655366.0,1505.9670706524387,11.429511058641252
Karnataka,2020,3,300360531,470740515696.6817,20487550.0,1567.2515763953077,14.66063687458969
Karnataka,2020,4,431536984,658036698565.0183,22400182.0,1524.8674458108978,19.264887401361293
Karnataka,2021,1,523797492,754995357412.3932,24095832.0,1441.3878816594126,21.7380952855249
Karnataka,2021,2,530649046,837887151230.0494,25751023.0,1578.9855037825687,20.606911267175676
Karnataka,2021,3,753296539,1133234739157.5894,27614221.0,1504.3673779013463,27.279297105647125
Karnataka,2021,4,931725438,1375471324349.8733,29459646.0,1476.262499929591,31.62717698644444
Karnataka,2022,1,1057855407,1566649488305.8818,31200349.0,1480.967510246778,33.90524275866273
Karnataka,2022,2,1277448960,1867146114059.2336,,1461.6209120865649,
Karnataka,2022,3,1189761328,1665918232611.024,,1400.2121210406528,
Karnataka,2022,4,1378910371,1904516622907.6436,,1381.1750661694339,
Karnataka,2023,1,1844697189,2470227226317.0,,1339.0963248857643,
Karnataka,2023,2,2067867526,2777599098830.0,,1343.2190717762642,
Karnataka,2023,3,2369262302,2985880895587.0,,1260.2576308526434,
Karnataka,2023,4,2564434164,3241376424383.0,,1263.9733434712577,
Karnataka,2024,1,2796439155,3485248654506.0,,1246.3166410305823,
Karnataka,2024,2,3042012848,3785034703438.0,,1244.2533587346636,
Karnataka,2024,3,3261134095,3907202566484.0,,1198.111593287304,
Karnataka,2024,4,3455056424,4151819803822.0,,1201.6648338886866,
Kerala,2018,1,1771380,2402674753.1005054,784184.0,1356.3858421685384,2.258883119267927
Kerala,2018,2,2308165,3886923343.442624,1066587.0,1683.9885118449608,2.1640663162029914
Kerala,2018,3,3134348,5323025223.875456,1347598.0,1698.287881203828,2.325877598512316
Kerala,2018,4,4310654,7747361236.812409,1757326.0,1797.2588931545909,2.4529620571254283
Kerala,2019,1,6469039,10235031134.849678,2136624.0,1582.1563504022279,3.027691816622859
Kerala,2019,2,7283826,13031371561.185545,2550167.0,1789.0833143440748,2.8562152988412133
Kerala,2019,3,9286096,16429809722.064486,2990963.0,1769.2913924284744,3.104717778187159
Kerala,2019,4,12498637,21151326637.80475,3503938.0,1692.2906583977715,3.5670257293365353
Kerala,2020,1,15733522,26451084830.934254,4078316.0,1681.1928588484036,3.8578476998839717
Kerala,2020,2,16287967,25894078478.600193,4728844.0,1589.7673711274215,3.4443866196474233
Kerala,2020,3,21758680,40164150651.95419,5582300.0,1845.8909571699292,3.897798398509575
Kerala,2020,4,33288187,56755256647.01138,6387169.0,1704.966889515833,5.211727918894897
Kerala,2021,1,42316342,69260970161.8946,6936943.0,1636.7428489422505,6.100142670914263
Kerala,2021,2,47191033,74226806436.15651,7416083.0,1572.90064907366,6.363336683259883
Kerala,2021,3,63028266,101686161773.12961,7949425.0,1613.3422070207296,7.9286572299254345
Kerala,2021,4,81823741,123342136943.36371,8473810.0,1507.4125851000103,9.65607454025993
Kerala,2022,1,95280965,139988942464.6941,8972299.0,1469.2225510593232,10.619459404997537
Kerala,2022,2,106365322,154696329549.12445,,1454.3868870074446,
Kerala,2022,3,119362904,162260419315.4295,,1359.387329546117,
Kerala,2022,4,132960468,173559808599.70966,,1305.3489598104427,
Kerala,2023,1,147621565,193637089677.0,,1311.7127546845882,
Kerala,2023,2,156170617,207796670985.0,,1330.5746943741665,
Kerala,2023,3,170658651,220332613329.0,,1291.0720437430389,
Kerala,2023,4,179843093,224985321465.0,,1251.0089640473432,
Kerala,2024,1,181463966,227077974738.0,,1251.3667575082097,
Kerala,2024,2,194872467,242003822595.0,,1241.8574379468394,
Kerala,2024,3,214695458,258302031309.0,,1203.1089698646535,
Kerala,2024,4,233112441,273639970566.0,,1173.8539967757447,
Ladakh,2018,1,6089,12532857.771114778,8784.0,2058.278497473276,0.6931921675774135
Ladakh,2018,2,15010,47334902.53774148,12918.0,3153.557797317887,1.1619445734633844
Ladakh,2018,3,24864,84090977.14484604,17749.0,3382.0373690816455,1.4008676545157475
Ladakh,2018,4,35211,135522842.49263746,23883.0,3848.8779782635384,1.474312272327597
Ladakh,2019,1,46145,152859920.94912717,29649.0,3312.5998688726227,1.556376269014132
Ladakh,2019,2,68772,259255506.997425,35516.0,3769.7828621739222,1.9363667079626083
Ladakh,2019,3,92396,331129527.19382226,39173.0,3583.8080349130078,2.3586654072958417
Ladakh,2019,4,84706,324689360.0281116,43108.0,3833.132954313881,1.9649716989885868
Ladakh,2020,1,116419,377639677.4457435,47790.0,3243.797639953474,2.4360535676919857
Ladakh,2020,2,155010,523792998.6520243,53034.0,3379.091662809008,2.922841950446883
Ladakh,2020,3,228222,835487500.0581932,58401.0,3660.8543438327297,3.907844043766374
Ladakh,2020,4,332134,1111963470.5079603,64853.0,3347.9362862819235,5.12133594436649
Ladakh,2021,1,275415,983419813.2468792,69919.0,3570.683562067713,3.9390580528897723
Ladakh,2021,2,399716,1427259095.4703197,75048.0,3570.682923551521,5.3261379383861
Ladakh,2021,3,590987,2213984743.9345884,81210.0,3746.249484226537,7.277268809259944
Ladakh,2021,4,630187,2153535138.780267,87057.0,3417.29540403129,7.238786082681462
Ladakh,2022,1,630015,2025040918.8422089,92492.0,3214.2741344923675,6.811562081044847
Ladakh,2022,2,1118073,3543318177.99627,,3169.1295452052505,
Ladakh,2022,3,1190858,3605199350.3739047,,3027.3965077061284,
Ladakh,2022,4,1083372,2894477572.678949,,2671.730091491149,
Ladakh,2023,1,1567246,3849021298.0,,2455.9139394836548,
Ladakh,2023,2,2943815,7191103886.0,,2442.7838998034863,
Ladakh,2023,3,3621366,8250572243.0,,2278.303889471542,
Ladakh,2023,4,3150218,6942986945.0,,2203.97031094356,
Ladakh,2024,1,2987101,6085390661.0,,2037.2229332051377,
Ladakh,2024,2,5327359,10125723348.0,,1900.7022706748317,
Ladakh,2024,3,6913885,12652871712.0,,1830.06684548557,
Ladakh,2024,4,5711284,10854417654.0,,1900.5214333589433,
Lakshadweep,2018,1,778,1928611.1808777403,501.0,2478.93467979144,1.5528942115768463
Lakshadweep,2018,2,2132,6187809.5394005375,686.0,2902.349690150346,3.107871720116618
Lakshadweep,2018,3,1703,4339032.311985849,918.0,2547.8756969969754,1.855119825708061
Lakshadweep,2018,4,1642,4463213.698222831,1156.0,2718.1569416704206,1.4204152249134947
Lakshadweep,2019,1,2481,8786130.479338994,1416.0,3541.3665777263177,1.7521186440677967
Lakshadweep,2019,2,2926,9242524.136988888,1747.0,3158.7573947330443,1.6748712077847738
Lakshadweep,2019,3,3104,9651761.46376847,2117.0,3109.459234461491,1.466225791213982
Lakshadweep,2019,4,3765,11269913.404923853,2427.0,2993.336893738075,1.5512978986402968
Lakshadweep,2020,1,5151,13502368.574504208,2772.0,2621.3101484186,1.8582251082251082
Lakshadweep,2020,2,7220,16942922.0859444,3187.0,2346.665108856565,2.265453404455601
Lakshadweep,2020,3,8589,21306833.308656834,3644.0,2480.7117602348158,2.357025246981339
Lakshadweep,2020,4,11650,30111317.917080387,4179.0,2584.662482152823,2.7877482651351997
Lakshadweep,2021,1,9085,27042782.914081153,4577.0,2976.6409371580794,1.984924623115578
Lakshadweep,2021,2,11384,27383463.65795153,4896.0,2405.4342636991855,2.3251633986928106
Lakshadweep,2021,3,13370,38803163.69876814,5287.0,2902.256073206293,2.5288443351617174
Lakshadweep,2021,4,15470,50998185.52838101,5638.0,3296.586007005883,2.743880808797446
Lakshadweep,2022,1,16397,54939432.65393007,5990.0,3350.5783163950764,2.737395659432387
Lakshadweep,2022,2,17569,55929601.989905685,,3183.4254647336606,
Lakshadweep,2022,3,15241,47580009.61750026,,3121.843029820895,
Lakshadweep,2022,4,17147,54813873.61493625,,3196.70342421043,
Lakshadweep,2023,1,29520,85321961.0,,2890.31033197832,
Lakshadweep,2023,2,34918,97987438.0,,2806.21564808981,
Lakshadweep,2023,3,43757,94527061.0,,2160.2728934799,
Lakshadweep,2023,4,63479,119831383.0,,1887.7326832495787,
Lakshadweep,2024,1,81176,130052381.0,,1602.1038361091948,
Lakshadweep,2024,2,109085,146212841.0,,1340.3569785030022,
Lakshadweep,2024,3,157478,192408087.0,,1221.8093130469017,
Lakshadweep,2024,4,197777,247756681.0,,1252.7072460397317,
Madhya Pradesh,2018,1,8025395,8681603403.44592,2553603.0,1081.7664929197779,3.1427731718673577
Madhya Pradesh,2018,2,10561412,15924081066.679314,3441662.0,1507.7606163531273,3.068695298957306
Madhya Pradesh,2018,3,17126985,24149742204.6724,4309309.0,1410.0404831715798,3.9744156197664173
Madhya Pradesh,2018,4,21397555,33905608072.967323,5365442.0,1584.5552481564985,3.988032113663702
Madhya Pradesh,2019,1,37301049,48070279522.047844,6414403.0,1288.7111974263203,5.815201975928235
Madhya Pradesh,2019,2,40846013,68334566380.55788,7301172.0,1672.980086956293,5.59444606975428
Madhya Pradesh,2019,3,53610411,77676321491.2433,8180664.0,1448.9036745352187,6.553308019984686
Madhya Pradesh,2019,4,68131989,104687926790.85823,9165241.0,1536.5458770161288,7.43373676698736
Madhya Pradesh,2020,1,79366746,126737281436.19423,10151371.0,1596.8562127543219,7.8183277904038775
Madhya Pradesh,2020,2,76340573,147922015289.06244,11374423.0,1937.6592220373095,6.711599612569358
Madhya Pradesh,2020,3,108579881,205701679984.53812,12564224.0,1894.4732494644943,8.641988633758837
Madhya Pradesh,2020,4,153652541,284275139772.3714,13737947.0,1850.116749923266,11.184534414057646
Madhya Pradesh,2021,1,201998498,343533954382.2885,14839427.0,1700.675786125343,13.612284220947345
Madhya Pradesh,2021,2,223314680,425500768035.6248,15940935.0,1905.3864619899812,14.008882164063778
Madhya Pradesh,2021,3,311443334,504412603851.5364,17210233.0,1619.5967252634675,18.09640427296946
Madhya Pradesh,2021,4,404308084,656887492404.5061,18456243.0,1624.7201537639949,21.906304766360087
Madhya Pradesh,2022,1,472703058,747665139599.6476,19656147.0,1581.6803529112087,24.048612273809308
Madhya Pradesh,2022,2,544899829,867024737328.5857,,1591.1635335245915,
Madhya Pradesh,2022,3,731259559,1032908494249.664,,1412.5059721095063,
Madhya Pradesh,2022,4,898828268,1302999857548.3237,,1449.6649737637354,
Madhya Pradesh,2023,1,734566970,1062026599901.0,,1445.7859436573904,
Madhya Pradesh,2023,2,848037060,1202440949508.0,,1417.9108510988895,
Madhya Pradesh,2023,3,978812593,1237821998249.0,,1264.6159306708062,
Madhya Pradesh,2023,4,1102294613,1426502880687.0,,1294.1212484062098,
Madhya Pradesh,2024,1,1286156614,1625420229864.0,,1263.7809518460401,
Madhya Pradesh,2024,2,1435472057,1779679946627.0,,1239.7872448637988,
Madhya Pradesh,2024,3,1537738457,1761082466531.0,,1145.2418703026558,
Madhya Pradesh,2024,4,1685401835,2003305068845.0,,1188.6216255632592,
Maharashtra,2018,1,16387034,21711613257.725384,6106994.0,1324.926356882239,2.683322433262584
Maharashtra,2018,2,22285740,36357057241.12072,8222371.0,1631.4045322758284,2.710378794632351
Maharashtra,2018,3,31538538,52260817733.24703,10435033.0,1657.0463010443614,3.0223707006963947
Maharashtra,2018,4,46090223,79518937047.83362,13381602.0,1725.28861593561,3.4442978501378234
Maharashtra,2019,1,75079069,111420690920.34102,16284451.0,1484.0446532487106,4.610475907354814
Maharashtra,2019,2,101149853,153294470088.05832,18776975.0,1515.5184663299344,5.3869088604527615
Maharashtra,2019,3,148735581,199617506744.9509,21313081.0,1342.0965272926248,6.9786053457029515
Maharashtra,2019,4,201260620,272994428799.5504,23745297.0,1356.4224774799482,8.475809757191076
Maharashtra,2020,1,238944081,319995196718.0955,26168390.0,1339.2053713106855,9.13101956215113
Maharashtra,2020,2,184790761,296359517159.4149,28765086.0,1603.7572200885893,6.424133791917049
Maharashtra,2020,3,268310924,440307079012.445,31409513.0,1641.0329942900312,8.542345881007451
Maharashtra,2020,4,407621004,622155530832.2942,34432631.0,1526.3088131550114,11.838218345847578
Maharashtra,2021,1,517860240,769887352153.2501,37077537.0,1486.6701335349671,13.96695363017236
Maharashtra,2021,2,573616486,915115055623.7017,39664697.0,1595.3430174315138,14.461637914440642
Maharashtra,2021,3,792874060,1159257305167.4438,42581217.0,1462.0951342101466,18.62027710480891
Maharashtra,2021,4,1010731502,1475358473128.5007,45482506.0,1459.693766553346,22.222423320298137
Maharashtra,2022,1,1169506438,1681399273981.1345,48227630.0,1437.6998871904752,24.24971822169159
Maharashtra,2022,2,1407533113,2006272382175.8887,,1425.3820131447867,
Maharashtra,2022,3,1486389417,1947579187374.547,,1310.27519780474,
Maharashtra,2022,4,1688775272,2210470839617.1304,,1308.919473340755,
Maharashtra,2023,1,1848268499,2362285906059.0,,1278.1075408346285,
Maharashtra,2023,2,2063717848,2606004606468.0,,1262.771753897241,
Maharashtra,2023,3,2290678587,2752172184241.0,,1201.465888693445,
Maharashtra,2023,4,2572162725,3098014934958.0,,1204.4397132603654,
Maharashtra,2024,1,2835770481,3372898894856.0,,1189.4118079918048,
Maharashtra,2024,2,3063494802,3573189333587.0,,1166.376822723592,
Maharashtra,2024,3,3287403995,3687268662139.0,,1121.6353900363865,
Maharashtra,2024,4,3634231839,4151028450887.0,,1142.2024336315326,
Manipur,2018,1,84069,128046173.93020904,29925.0,1523.1080889532293,2.8093233082706766
Manipur,2018,2,151721,253209721.31949422,46055.0,1668.9167703844175,3.2943437194658562
Manipur,2018,3,189258,383331244.7941224,61935.0,2025.4427543042957,3.055751998062485
Manipur,2018,4,236110,605683559.3060118,82589.0,2565.2600876964625,2.8588552954994007
Manipur,2019,1,265409,659898060.4240792,99527.0,2486.3439462266883,2.666703507590905
Manipur,2019,2,257425,722789942.1495003,117747.0,2807.7690284529485,2.1862552761429166
Manipur,2019,3,345008,863552002.5629344,136316.0,2502.9912424144786,2.5309428093547344
Manipur,2019,4,449344,1200897682.0886364,155358.0,2672.557510701459,2.8923132378120213
Manipur,2020,1,818801,2598590380.8769436,177374.0,3173.653159775017,4.616240260692097
Manipur,2020,2,1083068,3198936212.805511,215496.0,2953.587598198369,5.025930875747114
Manipur,2020,3,1420168,4615976120.870506,258563.0,3250.3028661894273,5.4925414695838155
Manipur,2020,4,1627852,5602224558.458755,288772.0,3441.4827382702815,5.637153186597039
Manipur,2021,1,2303535,7070287514.479243,312668.0,3069.3206374026195,7.367351311934704
Manipur,2021,2,3086275,7889827962.396641,335409.0,2556.424156109433,9.201527090805554
Manipur,2021,3,3941396,10406861028.904854,361749.0,2640.3997540223954,10.895388791675996
Manipur,2021,4,4687439,12658472038.211836,387746.0,2700.509177444621,12.088942245696925
Manipur,2022,1,5313679,14144501078.373816,411900.0,2661.903565942507,12.900410293760622
Manipur,2022,2,6105632,14922910635.149307,,2444.1221867202785,
Manipur,2022,3,6352742,15381430267.299725,,2421.226970542755,
Manipur,2022,4,6428670,15625956698.341482,,2430.6671050686195,
Manipur,2023,1,3258383,8585564092.0,,2634.915567629711,
Manipur,2023,2,1606271,4463876653.0,,2779.030844110365,
Manipur,2023,3,865478,3608286601.0,,4169.125732832031,
Manipur,2023,4,2113200,6800325298.0,,3218.0225714556123,
Manipur,2024,1,3845564,9242973323.0,,2403.541671130685,
Manipur,2024,2,5063324,10898000793.0,,2152.3411879231903,
Manipur,2024,3,5700096,11671516831.0,,2047.6000458588767,
Manipur,2024,4,5750423,12061708556.0,,2097.53413896682,
Meghalaya,2018,1,49571,66250259.78990051,18513.0,1336.472126644621,2.6776319343164263
Meghalaya,2018,2,67857,117004667.84183167,26618.0,1724.2829456331945,2.5492899541663534
Meghalaya,2018,3,110290,209853661.5343942,37281.0,1902.7442336965655,2.958343392076393
Meghalaya,2018,4,161132,337585679.00467384,49634.0,2095.0877479623778,3.24640367490027
Meghalaya,2019,1,208741,399037162.153435,61487.0,1911.6376857130847,3.3948802185827898
Meghalaya,2019,2,232286,492931289.10727894,74746.0,2122.0878103169325,3.1076713135151044
Meghalaya,2019,3,306550,612218602.1535331,87395.0,1997.1247827549603,3.507637736712627
Meghalaya,2019,4,365981,742436471.790219,100030.0,2028.6202611343729,3.658712386284115
Meghalaya,2020,1,502283,1120134840.907814,113814.0,2230.087104098315,4.413191698736535
Meghalaya,2020,2,635395,1153735154.338397,136211.0,1815.7762562475264,4.664784782433137
Meghalaya,2020,3,597579,1237059001.3830347,157741.0,2070.1179281451236,3.7883555955648816
Meghalaya,2020,4,754008,1804242572.1989706,176447.0,2392.8692695554564,4.2732831955204675
Meghalaya,2021,1,747646,2055515277.989836,190869.0,2749.316224509776,3.9170635357234542
Meghalaya,2021,2,909594,2193617254.8905993,205686.0,2411.6443763817697,4.42224555876433
Meghalaya,2021,3,1097731,2769000451.527971,223065.0,2522.4763184495755,4.921126129155179
Meghalaya,2021,4,1440193,3848765400.1861544,240268.0,2672.3955748890285,5.994110743003646
Meghalaya,2022,1,1674750,4662338331.331894,255839.0,2783.901078568081,6.546109076411337
Meghalaya,2022,2,2044649,5281491421.884796,,2583.079747127647,
Meghalaya,2022,3,4359165,9603300797.121548,,2203.0138334111116,
Meghalaya,2022,4,3932448,8996541156.348654,,2287.771168582179,
Meghalaya,2023,1,4164705,10084840615.0,,2421.501790643035,
Meghalaya,2023,2,5077212,11084506486.0,,2183.1876403821625,
Meghalaya,2023,3,6029842,11406633080.0,,1891.6968437978971,
Meghalaya,2023,4,7268384,13873058692.0,,1908.6854370930319,
Meghalaya,2024,1,8531262,15629304658.0,,1832.0038299140267,
Meghalaya,2024,2,11089661,16794614094.0,,1514.4389079161213,
Meghalaya,2024,3,12110124,16292956696.0,,1345.3996586657577,
Meghalaya,2024,4,14166380,19674927433.0,,1388.8465107529235,
Mizoram,2018,1,18561,45227219.97579083,7593.0,2436.6801344642436,2.4444883445278545
Mizoram,2018,2,27051,83508405.55773434,10422.0,3087.072772087329,2.595567069660334
Mizoram,2018,3,39316,116600738.1253904,14502.0,2965.7324785174073,2.7110743345745414
Mizoram,2018,4,55242,190426852.52952957,19365.0,3447.13899803645,2.8526723470178155
Mizoram,2019,1,70306,218160895.39740252,23670.0,3103.019591463069,2.9702577101816647
Mizoram,2019,2,75671,248016708.1350143,28696.0,3277.566149978384,2.636987733482018
Mizoram,2019,3,98094,278793899.95134217,34134.0,2842.109608654374,2.8737915275092285
Mizoram,2019,4,125239,368689350.63448846,39809.0,2943.8860948625306,3.1459971363259562
Mizoram,2020,1,153609,392077579.34963703,46499.0,2552.438850260317,3.30349039764296
Mizoram,2020,2,198462,457193433.44231826,55574.0,2303.6824855252808,3.5711303847122755
Mizoram,2020,3,254703,707944175.5046005,68315.0,2779.4889557822266,3.7283612676571765
Mizoram,2020,4,322607,986522115.6939577,78731.0,3057.9687226066317,4.097585449187741
Mizoram,2021,1,329575,1101105586.9459376,85750.0,3340.986382298225,3.8434402332361515
Mizoram,2021,2,394340,1122874473.3020928,92552.0,2847.47799691153,4.260739908375832
Mizoram,2021,3,478529,1473748650.2119515,100647.0,3079.747831817824,4.754528202529634
Mizoram,2021,4,553329,1770665741.5230415,108405.0,3200.023388477816,5.104275633042756
Mizoram,2022,1,604917,1945158963.6112459,115295.0,3215.5799285046473,5.246688928401058
Mizoram,2022,2,643977,2003186567.1089365,,3110.6492423004806,
Mizoram,2022,3,659038,1946265612.067954,,2953.191791775215,
Mizoram,2022,4,693774,2037911085.2630196,,2937.427873144597,
Mizoram,2023,1,1052595,2955622739.0,,2807.939177936433,
Mizoram,2023,2,1208930,3191806576.0,,2640.1913890795995,
Mizoram,2023,3,1310413,3106130235.0,,2370.3444906300533,
Mizoram,2023,4,1500728,3540840283.0,,2359.4150858783205,
Mizoram,2024,1,1627016,3630096730.0,,2231.1376962488384,
Mizoram,2024,2,1977079,3798477640.0,,1921.2573903217829,
Mizoram,2024,3,2360206,3923888231.0,,1662.5193864433868,
Mizoram,2024,4,2702443,4461162922.0,,1650.7889054459242,
Nagaland,2018,1,42845,78005891.0861251,15074.0,1820.653310447546,2.842311264428818
Nagaland,2018,2,65599,153325577.88030168,22436.0,2337.315780428081,2.923827776787306
Nagaland,2018,3,94371,241792742.9366532,32090.0,2562.1509037379406,2.940822686195076
Nagaland,2018,4,139333,388013467.5456238,42997.0,2784.7923144238894,3.2405284089587645
Nagaland,2019,1,168579,441941712.4123301,53911.0,2621.5703759799862,3.1269870712841534
Nagaland,2019,2,188753,520066682.15850437,66891.0,2755.2763779039506,2.8217996441972764
Nagaland,2019,3,261878,650956471.7134115,80077.0,2485.724160538157,3.2703273099641597
Nagaland,2019,4,317170,834537138.348775,93124.0,2631.1982165676923,3.405888922297152
Nagaland,2020,1,378051,894780028.7343699,107143.0,2366.823599816876,3.528471295371606
Nagaland,2020,2,517566,1137674504.3478007,130205.0,2198.1244988036324,3.9750086402211897
Nagaland,2020,3,736319,2009649143.1547952,173106.0,2729.3186012513534,4.253572955299065
Nagaland,2020,4,847825,2773084870.562686,192188.0,3270.8222458204064,4.411435677565717
Nagaland,2021,1,975897,3107450484.613199,207808.0,3184.199238867626,4.696147405297197
Nagaland,2021,2,1130791,3156293963.7818685,223337.0,2791.226640273816,5.063160157072048
Nagaland,2021,3,1356792,3987416848.005448,241797.0,2938.8563965629573,5.611285499820097
Nagaland,2021,4,1631483,4939083784.1364765,259990.0,3027.3584120315545,6.275175968306473
Nagaland,2022,1,1925952,5544951708.895757,276483.0,2879.070562971329,6.965896637406278
Nagaland,2022,2,2031329,5740285349.020281,,2825.876728496605,
Nagaland,2022,3,1894113,5364400495.05083,,2832.1438557524443,
Nagaland,2022,4,2476205,6969966384.314046,,2814.777606988939,
Nagaland,2023,1,2685570,7814397854.0,,2909.7725451207752,
Nagaland,2023,2,2922001,8021399310.0,,2745.173362363668,
Nagaland,2023,3,3422331,8616299673.0,,2517.6698785126277,
Nagaland,2023,4,3797179,9674575422.0,,2547.8323307908317,
Nagaland,2024,1,4258924,10044915308.0,,2358.5570693442755,
Nagaland,2024,2,5598700,11012913096.0,,1967.0482604890421,
Nagaland,2024,3,6981635,12281315168.0,,1759.088690256652,
Nagaland,2024,4,7921552,13959098676.0,,1762.167145529058,
Odisha,2018,1,5809821,4627632210.887483,1594015.0,796.518896345943,3.6447718497002852
Odisha,2018,2,8158144,8488310339.619694,2185781.0,1040.4707663433858,3.732370260332577
Odisha,2018,3,30052155,23094515775.58483,2795718.0,768.4811879742012,10.749351329425929
Odisha,2018,4,21142798,23429869571.561302,3623911.0,1108.1726066512722,5.834248688778505
Odisha,2019,1,34031942,35427127930.699646,4320744.0,1040.9963654351445,7.87640785938718
Odisha,2019,2,29512024,44754854871.67384,4845359.0,1516.495611133748,6.090781715039071
Odisha,2019,3,41422272,57304577359.22322,5387209.0,1383.4242930765174,7.6890040835616364
Odisha,2019,4,64995633,79769373632.05055,6115537.0,1227.3035887203462,10.627951887135994
Odisha,2020,1,53682307,91956798199.33315,6652970.0,1712.98148940084,8.068923653646417
Odisha,2020,2,50028576,91733036612.09654,7258315.0,1833.6127858625546,6.892588155790979
Odisha,2020,3,66033829,122463943804.29266,7901755.0,1854.5637237588126,8.35685604020879
Odisha,2020,4,92324950,178302663014.61725,8598751.0,1931.2511191678657,10.737018667013384
Odisha,2021,1,111460358,213397736188.34088,9233009.0,1914.5617331351195,12.071942960306872
Odisha,2021,2,131824337,245864117477.27438,9891029.0,1865.0889742557506,13.327666615879904
Odisha,2021,3,177362674,303780718933.0414,10652490.0,1712.7657814464467,16.649879417863804
Odisha,2021,4,233925366,385251049689.9193,11399235.0,1646.8972829988832,20.52114602427268
Odisha,2022,1,263633499,451227311779.82385,12124779.0,1711.5704699569453,21.743365301751066
Odisha,2022,2,313451598,510035012340.0273,,1627.1571610875224,
Odisha,2022,3,386687326,564545557340.55,,1459.9536094972764,
Odisha,2022,4,445714743,652217064524.0004,,1463.3060152645667,
Odisha,2023,1,482896088,753968977663.0,,1561.3482825791705,
Odisha,2023,2,544597829,799332054104.0,,1467.747412015482,
Odisha,2023,3,622397603,840298338124.0,,1350.0989304484838,
Odisha,2023,4,732137476,978791865637.0,,1336.8962766181362,
Odisha,2024,1,864178452,1156388722536.0,,1338.1364923641952,
Odisha,2024,2,944027735,1164839284001.0,,1233.903667036859,
Odisha,2024,3,1023940349,1177233944634.0,,1149.7094980031889,
Odisha,2024,4,1143097568,1305457593239.0,,1142.03514186726,
Puducherry,2018,1,104212,165825971.36983615,49318.0,1591.2368188868475,2.113062167971126
Puducherry,2018,2,130261,285801119.53243685,65580.0,2194.0651425402602,1.9862915523025313
Puducherry,2018,3,190271,417658075.49420696,81546.0,2195.0695350011665,2.333296544281755
Puducherry,2018,4,307964,625691665.4234948,109494.0,2031.7039180667052,2.8126107366613695
Puducherry,2019,1,501092,906473024.3065218,133059.0,1808.995203089496,3.7659384182956432
Puducherry,2019,2,580077,1211446910.1278074,156458.0,2088.4243128546855,3.7075572997226094
Puducherry,2019,3,716826,1460708357.4554107,177868.0,2037.744665309867,4.030100973755819
Puducherry,2019,4,1012655,1932028317.8789027,204292.0,1907.8840452858108,4.956899927554677
Puducherry,2020,1,1207921,2205277477.079583,230908.0,1825.680220047158,5.231178651237722
Puducherry,2020,2,1033383,1960030980.487591,255600.0,1896.713010072346,4.042969483568075
Puducherry,2020,3,1730902,3598080229.434603,285173.0,2078.7313374382857,6.069655963222325
Puducherry,2020,4,2716003,4930526217.6712055,319626.0,1815.3611088320615,8.497440758886949
Puducherry,2021,1,3309432,5899309571.74365,346279.0,1782.5746447558524,9.557125901368549
Puducherry,2021,2,3751387,6498834696.543894,369961.0,1732.3818354501666,10.139952589597282
Puducherry,2021,3,5121726,8729974431.01447,396609.0,1704.4985286238407,12.91379166887287
Puducherry,2021,4,6368810,10423651801.230513,423167.0,1636.6718117247199,15.050346553488339
Puducherry,2022,1,7359176,12083474905.386656,448051.0,1641.9603098752707,16.424862348259463
Puducherry,2022,2,8643687,13778745255.768896,,1594.0819300570342,
Puducherry,2022,3,7042727,10854317711.140947,,1541.2094933029418,
Puducherry,2022,4,7556127,11142204877.174492,,1474.5920598177468,
Puducherry,2023,1,10144295,14222388506.0,,1402.0085679684985,
Puducherry,2023,2,11130326,15386733257.0,,1382.4153270083914,
Puducherry,2023,3,12379641,16444491839.0,,1328.3496540004674,
Puducherry,2023,4,12986163,17024510550.0,,1310.973114229353,
Puducherry,2024,1,13446950,17386481977.0,,1292.9684409475756,
Puducherry,2024,2,14564895,18242009736.0,,1252.464211791434,
Puducherry,2024,3,16008711,19535004396.0,,1220.2734121441758,
Puducherry,2024,4,16559677,19965392547.0,,1205.6631628141056,
Punjab,2018,1,1870433,2780758224.854396,847142.0,1486.6922390988589,2.207933262664347
Punjab,2018,2,2581163,4684672212.007035,1152190.0,1814.9462904927102,2.240223400654406
Punjab,2018,3,3462108,7065687043.821194,1473148.0,2040.8626893849626,2.3501426876322
Punjab,2018,4,4887137,10781982573.64979,1865715.0,2206.196096743306,2.6194445561085162
Punjab,2019,1,7172137,13574490001.853167,2226590.0,1892.670204410926,3.221130517966936
Punjab,2019,2,8509830,18614793394.772316,2600112.0,2187.4459765673714,3.2728705532684748
Punjab,2019,3,10706812,22905815605.843338,2962713.0,2139.3684325309287,3.6138539237516425
Punjab,2019,4,13698625,29989802246.192448,3321742.0,2189.256384943193,4.123928047392001
Punjab,2020,1,15217784,31374185265.899666,3739502.0,2061.678971517776,4.069468073556319
Punjab,2020,2,14081294,30284654252.213646,4225481.0,2150.7010827423705,3.3324712618516092
Punjab,2020,3,17209573,40123092147.813385,4694233.0,2331.4403063814184,3.666109671164597
Punjab,2020,4,22997925,53775406479.555016,5157868.0,2338.2721040943916,4.458804490537563
Punjab,2021,1,26770835,58690887091.1067,5568777.0,2192.3442840354696,4.8073095762319085
Punjab,2021,2,32171248,69531058562.61519,5976548.0,2161.2794928756007,5.382914685868832
Punjab,2021,3,42533489,85992560840.6122,6434862.0,2021.7612724084827,6.609852550062457
Punjab,2021,4,52359360,110710126241.99956,6880103.0,2114.428561426258,7.610258160379285
Punjab,2022,1,57758302,118389978105.96286,7302726.0,2049.7482440872805,7.909142695481112
Punjab,2022,2,72272823,137345426369.22705,,1900.3744515310693,
Punjab,2022,3,84177897,149319443006.35474,,1773.8557071145972,
Punjab,2022,4,91835180,168107427177.93903,,1830.5340848456879,
Punjab,2023,1,96910821,175508676860.0,,1811.0328139723426,
Punjab,2023,2,117290289,194181575454.0,,1655.5639610880319,
Punjab,2023,3,132161181,205225582737.0,,1552.8431358145929,
Punjab,2023,4,142228995,231139462165.0,,1625.1219532627647,
Punjab,2024,1,142537179,223303420322.0,,1566.632803375462,
Punjab,2024,2,171946137,244435036984.0,,1421.5791133708342,
Punjab,2024,3,187554720,256116156529.0,,1365.5543114510795,
Punjab,2024,4,199509220,289125652032.0,,1449.1844137930066,
Rajasthan,2018,1,7591690,8926293130.72678,3158202.0,1175.7978962163602,2.403801276802434
Rajasthan,2018,2,9973697,15559086175.7581,4212964.0,1560.011916920887,2.367382441435531
Rajasthan,2018,3,14257098,24040768671.212444,5175453.0,1686.2315648817482,2.754753641855119
Rajasthan,2018,4,20959723,37909087083.33867,6358738.0,1808.6635535850673,3.2962079896985848
Rajasthan,2019,1,43956040,61141158575.55401,7712204.0,1390.961482780387,5.699543217477131
Rajasthan,2019,2,50009286,89107313172.66544,8783935.0,1781.8153447074897,5.693266855913665
Rajasthan,2019,3,67303617,112468290031.93028,9797304.0,1671.0586302060153,6.869605863000679
Rajasthan,2019,4,85074242,159452410049.6704,10925031.0,1874.2736497102192,7.787093876438428
Rajasthan,2020,1,102258812,190308238561.00806,12142053.0,1861.0448805234316,8.421871655477043
Rajasthan,2020,2,101954656,193763273003.26538,13563201.0,1900.484790054761,7.517005462058698
Rajasthan,2020,3,149088676,293678306162.458,14969412.0,1969.823021048614,9.959554590387384
Rajasthan,2020,4,190283435,386034779836.50433,16329494.0,2028.7356061051994,11.652745333076457
Rajasthan,2021,1,252730919,491492581657.6454,17661088.0,1944.7267615785681,14.310042450385843
Rajasthan,2021,2,287477039,561702765169.2445,18980985.0,1953.9047957469902,15.145527958638606
Rajasthan,2021,3,400284753,710511328542.4847,20499465.0,1775.0147194402,19.526595108701617
Rajasthan,2021,4,487621597,903934418544.316,21977202.0,1853.7620648995087,22.187610461058693
Rajasthan,2022,1,564962220,1022050180980.1292,23398857.0,1809.0593402513343,24.144863999126112
Rajasthan,2022,2,661170150,1152833518600.3918,,1743.6260826360535,
Rajasthan,2022,3,767541360,1238489256318.2769,,1613.5798288684755,
Rajasthan,2022,4,865574848,1456956699398.6572,,1683.2243944762329,
Rajasthan,2023,1,921096686,1554913375850.0,,1688.110921995001,
Rajasthan,2023,2,1073459338,1698455586300.0,,1582.226290438213,
Rajasthan,2023,3,1237232167,1800225443616.0,,1455.0425470921336,
Rajasthan,2023,4,1349472154,2066379607801.0,,1531.2502756548172,
Rajasthan,2024,1,1599474007,2350500173790.0,,1469.5457153434065,
Rajasthan,2024,2,1818855106,2497094537924.0,,1372.8936019623764,
Rajasthan,2024,3,1935405035,2472257715905.0,,1277.3851835644316,
Rajasthan,2024,4,2043469547,2793049371408.0,,1366.8172229473405,
Sikkim,2018,1,44078,64650938.940368414,20051.0,1466.7393924490316,2.1982943494090073
Sikkim,2018,2,74578,143693085.52979562,28097.0,1926.7489813322377,2.6543047300423535
Sikkim,2018,3,108500,235080226.95331785,37637.0,2166.6380364361094,2.8828014985253874
Sikkim,2018,4,154533,383141358.0782538,48538.0,2479.349770458438,3.183752935844081
Sikkim,2019,1,240287,457993634.3840939,58956.0,1906.0275186926212,4.075700522423502
Sikkim,2019,2,388244,738894243.4359412,70999.0,1903.1697680735342,5.4683023704559215
Sikkim,2019,3,552436,884716448.4404283,82128.0,1601.4822503247947,6.726524449639587
Sikkim,2019,4,767070,1176509601.6562178,92972.0,1533.7708444551577,8.25054855225229
Sikkim,2020,1,528118,1053476271.9444021,104631.0,1994.7744101590972,5.047433361049785
Sikkim,2020,2,517731,1054618788.2612665,119921.0,2037.0014317498208,4.317267200907264
Sikkim,2020,3,596435,1400926728.660399,134773.0,2348.8338690056735,4.425478397008303
Sikkim,2020,4,735035,1919275805.1229236,148543.0,2611.135259032459,4.948297799290441
Sikkim,2021,1,800189,2217667726.840725,160213.0,2771.429908235086,4.994532278903709
Sikkim,2021,2,976714,2424899579.675299,171740.0,2482.7120115768785,5.687166647257483
Sikkim,2021,3,1160594,2989336863.808393,184693.0,2575.6956039824377,6.283908973269154
Sikkim,2021,4,1584345,4196783261.635808,197407.0,2648.907442277918,8.02577922768696
Sikkim,2022,1,1744302,4367431275.863425,209616.0,2503.827477044357,8.321416304098923
Sikkim,2022,2,2322081,5611105670.307138,,2416.4125499098172,
Sikkim,2022,3,2396758,5162880543.8914585,,2154.1100703080824,
Sikkim,2022,4,3058339,6458385389.419812,,2111.7297295753715,
Sikkim,2023,1,3396128,6762568022.0,,1991.2582864956798,
Sikkim,2023,2,4412967,8580350436.0,,1944.3495580184488,
Sikkim,2023,3,4804937,8107237421.0,,1687.2723661101072,
Sikkim,2023,4,4857324,8590608471.0,,1768.588727249819,
Sikkim,2024,1,5820146,9455721523.0,,1624.653663842797,
Sikkim,2024,2,7188322,11296518155.0,,1571.5097563798618,
Sikkim,2024,3,7713781,10569829072.0,,1370.2526779020561,
Sikkim,2024,4,8916870,12641101398.0,,1417.6612867519657,
Tamil Nadu,2018,1,6726622,11261557697.516676,2104754.0,1674.1772761300808,3.195918382860895
Tamil Nadu,2018,2,9992128,20125844276.266468,2996036.0,2014.1699822366636,3.3351161334509998
Tamil Nadu,2018,3,15774078,29330092241.18417,3900177.0,1859.3855210544903,4.044451828724696
Tamil Nadu,2018,4,22457444,43302073975.894104,5199878.0,1928.1835446586933,4.318840557413078
Tamil Nadu,2019,1,32275045,56204036816.12997,6296303.0,1741.4084725871014,5.126031101108063
Tamil Nadu,2019,2,32171737,64207676025.757675,7429609.0,1995.7789666674719,4.330205936813095
Tamil Nadu,2019,3,41410183,78959604643.63841,8428835.0,1906.767826735719,4.912918926518315
Tamil Nadu,2019,4,56596411,103190865512.54333,9620493.0,1823.27578179018,5.882901323248196
Tamil Nadu,2020,1,66953473,116569686179.44038,10872368.0,1741.055108215826,6.158131604816909
Tamil Nadu,2020,2,51870110,95826508896.82855,12150786.0,1847.4321511334476,4.268868697053836
Tamil Nadu,2020,3,70277825,143841415498.6641,13643451.0,2046.7539440593685,5.151029970349877
Tamil Nadu,2020,4,111179701,206473197500.99475,15357586.0,1857.112365331822,7.239399538443086
Tamil Nadu,2021,1,136556674,248668143873.65067,16632608.0,1820.9885799770625,8.210178103157364
Tamil Nadu,2021,2,146158442,263487341026.5519,17804542.0,1802.7514348199738,8.209053734715557
Tamil Nadu,2021,3,204357404,365207323053.93335,19127440.0,1787.1010098265554,10.68399137574082
Tamil Nadu,2021,4,259155976,443723952594.80255,20433142.0,1712.1887731224942,12.683119218767237
Tamil Nadu,2022,1,294573150,512789201600.63257,21667020.0,1740.787310726156,13.59546213554056
Tamil Nadu,2022,2,354506937,590134727678.3965,,1664.6634129994372,
Tamil Nadu,2022,3,393496175,631879220373.2684,,1605.8077829429178,
Tamil Nadu,2022,4,436316636,675689667591.4381,,1548.6222890466136,
Tamil Nadu,2023,1,461212387,715583673518.0,,1551.527438741579,
Tamil Nadu,2023,2,498429638,776362551015.0,,1557.617147588242,
Tamil Nadu,2023,3,556085008,833105264698.0,,1498.1617067763136,
Tamil Nadu,2023,4,593481381,872870665005.0,,1470.763351554916,
Tamil Nadu,2024,1,640327197,913861111062.0,,1427.178347793964,
Tamil Nadu,2024,2,705083686,985151149866.0,,1397.2116635613095,
Tamil Nadu,2024,3,778536701,1050779594821.0,,1349.6853693233918,
Tamil Nadu,2024,4,820423888,1087632875606.0,,1325.696254721925,
Telangana,2018,1,8522766,13308204118.54235,3315560.0,1561.4888545036142,2.5705358974049632
Telangana,2018,2,10764670,23017201517.65231,4260115.0,2138.217104440016,2.5268496272987937
Telangana,2018,3,19332703,32030093209.723557,5138501.0,1656.7829759616934,3.7623234869468742
Telangana,2018,4,28921154,49509088448.04851,6529679.0,1711.8642101227533,4.42918465057777
Telangana,2019,1,65290702,95523262035.66469,7963425.0,1463.0454124335297,8.198821738134031
Telangana,2019,2,89610379,155676443182.43512,9046007.0,1737.259064404081,9.906070048364986
Telangana,2019,3,121495376,201930021130.42596,10090557.0,1662.038735782224,12.040502422215146
Telangana,2019,4,163572258,280746765547.7439,11220691.0,1716.347068753822,14.577734829343397
Telangana,2020,1,199409525,371343780368.2161,12306860.0,1862.2168643559837,16.203119642215803
Telangana,2020,2,152055143,321531839352.4309,13378191.0,2114.5739171244663,11.36589715306053
Telangana,2020,3,236372126,505961144755.86993,14590882.0,2140.5279603732547,16.199988869761267
Telangana,2020,4,343643787,696350439226.9569,15927797.0,2026.3728476108224,21.575098364199395
Telangana,2021,1,412572110,799359264046.5896,17149069.0,1937.5019412887352,24.05798880394032
Telangana,2021,2,495867544,1027958332797.5839,18306880.0,2073.0502434286846,27.086403800101383
Telangana,2021,3,622886768,1178289126292.254,19615278.0,1891.6586237263816,31.75518430072722
Telangana,2021,4,775989773,1463758189500.9102,20917649.0,1886.3111866049169,37.09737040716191
Telangana,2022,1,886453385,1670638169828.9746,22150612.0,1884.6317224328436,40.01936312188575
Telangana,2022,2,1063382557,1951414544517.0774,,1835.1011417964019,
Telangana,2022,3,1628165401,2706325865752.0728,,1662.1934504257856,
Telangana,2022,4,1819506832,2978252562916.147,,1636.846045608114,
Telangana,2023,1,1440331458,2372581734284.0,,1647.2470424123724,
Telangana,2023,2,1665430971,2698149935008.0,,1620.0911247542783,
Telangana,2023,3,1875045924,2870202901073.0,,1530.737388527557,
Telangana,2023,4,2020822178,3116417474765.0,,1542.1532427208942,
Telangana,2024,1,2179385307,3203769301073.0,,1470.0334496992184,
Telangana,2024,2,2417264357,3461542433312.0,,1432.008221727153,
Telangana,2024,3,2610137835,3551316976598.0,,1360.5859924244191,
Telangana,2024,4,2822451603,3859050535418.0,,1367.2689839273746,
Tripura,2018,1,148157,137978914.53062263,55157.0,931.3020277855426,2.686096053084831
Tripura,2018,2,214559,236891718.71613592,83369.0,1104.0866088867674,2.5736064964195324
Tripura,2018,3,377703,453863388.0405928,116874.0,1201.6409402112051,3.23171107346373
Tripura,2018,4,448059,624885599.4644467,153265.0,1394.6502569180548,2.9234267445274527
Tripura,2019,1,580926,756894941.61582,183254.0,1302.9111136630484,3.1700590437316514
Tripura,2019,2,532558,841821482.8473772,217644.0,1580.713242214702,2.446922497289151
Tripura,2019,3,711717,1017377422.8172246,245456.0,1429.4690485364613,2.899570595137214
Tripura,2019,4,801824,1215400160.2581894,272298.0,1515.794189570516,2.9446562222271186
Tripura,2020,1,924502,1588778806.3885026,299962.0,1718.523925733533,3.0820637280722223
Tripura,2020,2,1052520,1769175883.5859623,336666.0,1680.8952643046805,3.126303220402417
Tripura,2020,3,1317885,2341819516.215884,376731.0,1776.9528572036893,3.4982122522436434
Tripura,2020,4,1651890,3182130996.2213087,409110.0,1926.357684967709,4.037764904304466
Tripura,2021,1,1511423,3335341569.7934217,439636.0,2206.755865031445,3.437896350617329
Tripura,2021,2,1744429,3468154361.0362735,472153.0,1988.1315668544112,3.694626529959568
Tripura,2021,3,2081200,4364133768.181475,509929.0,2096.9314665488537,4.081352502014987
Tripura,2021,4,2520693,5496929464.299447,546292.0,2180.721517574511,4.614186186142209
Tripura,2022,1,2871190,6247329764.349844,582124.0,2175.8677636623993,4.932265290556651
Tripura,2022,2,3418664,6878271042.035301,,2011.976328189989,
Tripura,2022,3,4256579,8648352804.91114,,2031.7613757224146,
Tripura,2022,4,5198190,10452971818.154099,,2010.8868314074896,
Tripura,2023,1,7118687,13288282891.0,,1866.6761006629454,
Tripura,2023,2,7929543,13919130082.0,,1755.3508546457217,
Tripura,2023,3,9108762,15249223330.0,,1674.1268824457154,
Tripura,2023,4,10140910,16819896794.0,,1658.6180918674952,
Tripura,2024,1,11042639,17752189374.0,,1607.6038865347314,
Tripura,2024,2,12787547,18137431068.0,,1418.3667178701278,
Tripura,2024,3,14400581,19948846189.0,,1385.2806486766056,
Tripura,2024,4,15945159,22409905268.0,,1405.4363000080464,
Uttar Pradesh,2018,1,12537805,13939970923.222666,4694250.0,1111.8350399629494,2.6708856579858336
Uttar Pradesh,2018,2,17710943,25720201695.699993,6442554.0,1452.2209063458672,2.7490561972782843
Uttar Pradesh,2018,3,26515356,37012114369.241066,8096483.0,1395.8746912257586,3.2749227040926288
Uttar Pradesh,2018,4,36100767,55096743575.9173,10341964.0,1526.1931575004292,3.4907070842636854
Uttar Pradesh,2019,1,57324504,76524180134.00967,12458661.0,1334.9296512711157,4.6011769643623825
Uttar Pradesh,2019,2,58883500,98917519370.67569,14316349.0,1679.8851863539987,4.113024906000825
Uttar Pradesh,2019,3,68623959,111268137475.04973,16044607.0,1621.4182203485188,4.277073224666705
Uttar Pradesh,2019,4,86905005,145538926507.29608,17949542.0,1674.6898122530006,4.841627992513681
Uttar Pradesh,2020,1,97239132,172416434960.69867,20136256.0,1773.1177913095592,4.829057199113877
Uttar Pradesh,2020,2,100851965,178744016130.28818,22498519.0,1772.3404410641695,4.482604610552365
Uttar Pradesh,2020,3,127405259,248689955423.06284,24838116.0,1951.959890627928,5.129425234989642
Uttar Pradesh,2020,4,178167517,357428826778.2679,27249134.0,2006.1391256761349,6.538465295814539
Uttar Pradesh,2021,1,204499547,396287587577.56604,29482075.0,1937.8409066968056,6.936402780333474
Uttar Pradesh,2021,2,241949131,482172489166.3863,31651894.0,1992.8672079685473,7.644064870178069
Uttar Pradesh,2021,3,306543384,557080841279.9348,34151882.0,1817.2985305072996,8.975885545634059
Uttar Pradesh,2021,4,406157932,773890970072.2234,36617655.0,1905.394205306874,11.091860797749064
Uttar Pradesh,2022,1,473953246,883123174117.0261,38999692.0,1863.312851152044,12.152743308844594
Uttar Pradesh,2022,2,595298776,1067515182420.0089,,1793.2426967059796,
Uttar Pradesh,2022,3,703589072,1121370050898.776,,1593.7854857682837,
Uttar Pradesh,2022,4,836369071,1376378802069.5122,,1645.6596134334004,
Uttar Pradesh,2023,1,1002557722,1636936265372.0,,1632.7601188951792,
Uttar Pradesh,2023,2,1211410582,1836622076526.0,,1516.1020580601137,
Uttar Pradesh,2023,3,1354622466,1861748362006.0,,1374.3669610791765,
Uttar Pradesh,2023,4,1566705382,2257441161652.0,,1440.884283406387,
Uttar Pradesh,2024,1,1785296948,2477543106639.0,,1387.748469191356,
Uttar Pradesh,2024,2,2135538658,2704223360067.0,,1266.2956720247769,
Uttar Pradesh,2024,3,2285955833,2717475205234.0,,1188.7697767404766,
Uttar Pradesh,2024,4,2544890265,3214106522459.0,,1262.9646812920635,
Uttarakhand,2018,1,1246685,1508545358.5238864,483043.0,1210.0453270263831,2.580898594949104
Uttarakhand,2018,2,1704122,2679755378.551041,649142.0,1572.5138097806619,2.6251914065027373
Uttarakhand,2018,3,2229132,3726573039.858497,810612.0,1671.7596983303354,2.7499370845731375
Uttarakhand,2018,4,3178761,5654272137.963897,1012103.0,1778.7660468855308,3.1407485206545185
Uttarakhand,2019,1,5546001,7183529175.273948,1224955.0,1295.2628705393215,4.5275140719455
Uttarakhand,2019,2,4813275,8588532850.91849,1414339.0,1784.3428540689013,3.403197536092832
Uttarakhand,2019,3,5710476,9729032070.017324,1585859.0,1703.716480030268,3.600872460918657
Uttarakhand,2019,4,7362116,12573706305.150782,1752677.0,1707.8929896174934,4.2004978669772015
Uttarakhand,2020,1,9131784,16158080258.987572,1943606.0,1769.4330329087472,4.6983719951471645
Uttarakhand,2020,2,9047770,16094187702.101019,2148567.0,1778.8015944371948,4.211071844629467
Uttarakhand,2020,3,11818935,22103510968.006535,2365438.0,1870.1778940324602,4.996510160063379
Uttarakhand,2020,4,17613271,31792739329.110386,2596244.0,1805.0445785516151,6.7841354664661715
Uttarakhand,2021,1,20608402,36288189399.89842,2802122.0,1760.844407048078,7.354569858128946
Uttarakhand,2021,2,24000432,40990817874.83823,3004040.0,1707.920002224886,7.989384961585065
Uttarakhand,2021,3,31042284,50527496783.56443,3233509.0,1627.6990695518548,9.600184814701304
Uttarakhand,2021,4,40361280,66148108159.42113,3460015.0,1638.900157760634,11.66505925552346
Uttarakhand,2022,1,44560772,70978782500.07465,3674829.0,1592.8535192360366,12.125944363669712
Uttarakhand,2022,2,58166878,88313371025.33424,,1518.2759340347309,
Uttarakhand,2022,3,63996519,92641259938.36305,,1447.5984223198616,
Uttarakhand,2022,4,77983880,115496046831.35934,,1481.0246275430172,
Uttarakhand,2023,1,79385675,107179907585.0,,1350.1164735955197,
Uttarakhand,2023,2,102758214,134072872398.0,,1304.741170355491,
Uttarakhand,2023,3,106284687,128762398121.0,,1211.4858852715067,
Uttarakhand,2023,4,118071440,148083447262.0,,1254.1851548689506,
Uttarakhand,2024,1,123234577,150276835263.0,,1219.4372628308693,
Uttarakhand,2024,2,158564982,180612915790.0,,1139.046676712012,
Uttarakhand,2024,3,159278815,173414867549.0,,1088.750362369283,
Uttarakhand,2024,4,171136132,194908790959.0,,1138.9108114176613,
West Bengal,2018,1,11710225,10625978552.140223,2604789.0,907.4102805146974,4.495652047056403
West Bengal,2018,2,18082446,18629183470.203903,3833795.0,1030.2358137944339,4.716591784380751
West Bengal,2018,3,53705416,41843934183.178474,4851740.0,779.1380702307282,11.069310391735748
West Bengal,2018,4,36513548,40489619211.70435,6279278.0,1108.8930391454796,5.8149277671732325
West Bengal,2019,1,47626388,50164672623.87979,7449425.0,1053.2957616664062,6.393297200790665
West Bengal,2019,2,47023535,57105691119.11873,8612795.0,1214.4065970182533,5.459729971513313
West Bengal,2019,3,66444829,70540532616.83047,9643222.0,1061.6406675804747,6.890314150187562
West Bengal,2019,4,96805838,88203610254.64673,10885058.0,911.1393700723579,8.89346092597761
West Bengal,2020,1,66250381,96653305190.93817,11960822.0,1458.909424097322,5.538948828098938
West Bengal,2020,2,57676797,100099431877.35535,13222022.0,1735.523418149509,4.362176753298399
West Bengal,2020,3,79954504,156813355855.14108,14448366.0,1961.2823294500217,5.53380942869249
West Bengal,2020,4,100340645,199165491365.64813,15662093.0,1984.8934732844116,6.406592337307663
West Bengal,2021,1,118254052,242937207475.52194,16808799.0,2054.3668767943946,7.035246956073423
West Bengal,2021,2,141897437,279434811058.56396,17979979.0,1969.2731381650253,7.8919690061929435
West Bengal,2021,3,181712988,362457066256.5123,19323278.0,1994.6679114456713,9.403838624067822
West Bengal,2021,4,225029560,462218037262.09705,20644527.0,2054.0325336017945,10.900204204242605
West Bengal,2022,1,260505092,551426663209.5621,21919787.0,2116.759634048006,11.884471870096183
West Bengal,2022,2,315742141,648575179584.2455,,2054.1292889511556,
West Bengal,2022,3,356792388,704749898612.1442,,1975.2380440698869,
West Bengal,2022,4,405847597,787775633607.2499,,1941.062702922077,
West Bengal,2023,1,459278344,896883182555.0,,1952.809650774651,
West Bengal,2023,2,545317686,1009315106972.0,,1850.8754307521212,
West Bengal,2023,3,632093191,1071548606382.0,,1695.2383313712994,
West Bengal,2023,4,737953238,1249394976078.0,,1693.0543993059896,
West Bengal,2024,1,836408587,1422025506833.0,,1700.1565131384764,
West Bengal,2024,2,980480707,1547343815564.0,,1578.1481517351265,
West Bengal,2024,3,1084916445,1607643782237.0,,1481.8134517603335,
West Bengal,2024,4,1227135682,1810100029406.0,,1475.0610351871424,
